Date,EWA,EWC,EWG,EWJ,EWT,EWU,EWW,EWY,EWZ,EZA,URTH
2018-01-02,16.592336654663086,25.079797744750977,26.783170700073242,50.64166259765625,23.189287185668945,26.087596893310547,39.730979919433594,65.46045684814453,25.702430725097656,44.317527770996094,76.55236053466797
2018-01-03,16.699058532714844,25.17203140258789,26.92006492614746,51.338844299316406,23.42243766784668,26.044294357299805,39.72308349609375,66.03852844238281,26.01693344116211,44.50763702392578,77.00938415527344
2018-01-04,16.763093948364258,25.34811782836914,27.362958908081055,51.96881103515625,23.416139602661133,26.145322799682617,39.78618240356445,65.5639877319336,26.189598083496094,44.336544036865234,77.35429382324219
2018-01-05,16.86271095275879,25.440353393554688,27.644807815551758,52.11161422729492,23.605182647705078,26.260791778564453,40.20414733886719,66.4267807006836,26.41775894165039,44.71039581298828,77.96649932861328
2018-01-08,16.77020835876465,25.356502532958984,27.56427764892578,52.414005279541016,23.54216957092285,26.23192596435547,40.20414733886719,66.49580383300781,26.312925338745117,44.16546630859375,77.77680206298828
2018-01-09,16.79155731201172,25.289424896240234,27.556222915649414,52.44758987426758,23.51066017150879,26.253572463989258,39.896583557128906,66.22834014892578,26.10942840576172,44.4696159362793,77.9578857421875
2018-01-10,16.649253845214844,25.037872314453125,27.31464195251465,52.7835807800293,23.283809661865234,26.22470474243164,39.02121353149414,65.90910339355469,26.090927124023438,43.88032150268555,77.77680206298828
2018-01-11,16.74886703491211,25.163644790649414,27.443492889404297,53.136375427246094,23.428741455078125,26.390689849853516,39.1947135925293,66.53031921386719,26.578094482421875,43.53813552856445,78.32003784179688
2018-01-12,16.84136199951172,25.247495651245117,27.789752960205078,53.30436325073242,23.605182647705078,26.780376434326172,39.97544479370117,67.21192932128906,26.658260345458984,44.06407928466797,79.027099609375
2018-01-16,16.691944122314453,25.34811782836914,27.830015182495117,53.30436325073242,23.6492919921875,26.744293212890625,40.74830627441406,66.87543487548828,26.565759658813477,44.45060729980469,78.88912963867188
2018-01-17,16.784439086914062,25.406814575195312,27.902488708496094,53.732749938964844,23.9328556060791,26.874191284179688,41.19782257080078,67.1860580444336,27.046751022338867,45.18564224243164,79.36339569091797
2018-01-18,16.798669815063477,25.34811782836914,28.06354331970215,53.2791633605957,24.102998733520508,26.874191284179688,41.49749755859375,66.68560791015625,27.108421325683594,45.84463119506836,79.216796875
2018-01-19,16.834245681762695,25.27265167236328,28.377601623535156,53.61515808105469,24.474782943725586,26.91027069091797,41.38709259033203,67.0221176147461,27.42291831970215,45.51513671875,79.57894897460938
2018-01-22,16.8555908203125,25.373271942138672,28.554752349853516,53.84193801879883,24.77724838256836,27.141202926635742,41.442291259765625,66.29736328125,27.521581649780273,46.56698989868164,80.13080596923828
2018-01-23,16.891162872314453,25.431968688964844,28.707752227783203,54.169532775878906,24.68273162841797,27.170072555541992,41.41863250732422,66.53895568847656,26.92341423034668,46.921836853027344,80.38948059082031
2018-01-24,16.99077796936035,25.50743865966797,28.635282516479492,54.186336517333984,24.575605392456055,27.292747497558594,42.52272033691406,67.21192932128906,28.58224105834961,47.47944641113281,80.54469299316406
2018-01-25,16.94097137451172,25.322961807250977,28.43396759033203,53.92593765258789,24.644922256469727,27.112333297729492,42.17571258544922,67.565673828125,28.89056968688965,47.68222427368164,80.43257904052734
2018-01-26,17.15442657470703,25.423585891723633,28.61918067932129,54.320716857910156,24.68273162841797,27.336048126220703,42.64100646972656,68.19551849365234,29.186567306518555,48.14478302001953,81.11378479003906
2018-01-29,17.033472061157227,25.18880271911621,28.35344123840332,53.858741760253906,24.474782943725586,27.047386169433594,42.04954147338867,67.84178161621094,28.606903076171875,46.205814361572266,80.59642028808594
2018-01-30,16.89828109741211,25.02947998046875,28.12796401977539,53.16996765136719,24.16600799560547,26.917484283447266,41.51327133178711,67.00486755371094,28.557579040527344,45.356727600097656,79.77725982666016
2018-01-31,16.912511825561523,25.05463981628418,28.192384719848633,52.867576599121094,24.348752975463867,26.81645965576172,41.8839225769043,67.5052719116211,28.73023796081543,45.711570739746094,79.91522979736328
2018-02-01,16.99077796936035,24.97079086303711,27.942752838134766,53.12797164916992,24.285741806030273,26.81645965576172,42.63311767578125,66.56482696533203,28.810405731201172,45.18564224243164,79.90660095214844
2018-02-02,16.734638214111328,24.283212661743164,27.266332626342773,52.34680938720703,23.794225692749023,26.1741943359375,41.70254135131836,63.88153839111328,27.786745071411133,43.582496643066406,78.22518157958984
2018-02-05,16.172542572021484,23.604022979736328,26.147008895874023,49.868900299072266,23.164081573486328,24.92574119567871,39.96756362915039,61.992008209228516,26.80008888244629,41.35838317871094,74.93130493164062
2018-02-06,16.32907485961914,23.70464515686035,26.9683837890625,51.07844924926758,23.40353775024414,25.47418785095215,41.04008865356445,64.41645812988281,27.823745727539062,43.76626205444336,76.32818603515625
2018-02-07,15.987549781799316,23.528553009033203,26.509376525878906,50.62487030029297,22.99394416809082,25.214401245117188,40.2514762878418,61.42256546020508,26.966588973999023,42.65736770629883,75.79356384277344
2018-02-08,15.53930377960205,22.991910934448242,25.64774513244629,49.12133026123047,22.181058883666992,24.74532699584961,39.06853485107422,59.472633361816406,26.07859992980957,40.83879089355469,73.31884765625
2018-02-09,15.738527297973633,23.03383445739746,25.83296012878418,49.616905212402344,22.634761810302734,24.73811149597168,39.69942855834961,60.88762283325195,26.615089416503906,42.01737976074219,74.28462219238281
2018-02-12,15.987549781799316,23.318925857543945,26.203380584716797,50.58287048339844,22.874217987060547,25.019550323486328,39.920249938964844,61.69002914428711,26.997425079345703,43.27834701538086,75.12963104248047
2018-02-13,16.08005142211914,23.33570098876953,26.155065536499023,49.96129608154297,22.981342315673828,25.062849044799805,40.02276611328125,61.91436004638672,27.139253616333008,44.07041931152344,75.25895690917969
2018-02-14,16.364652633666992,23.662715911865234,26.734853744506836,50.717262268066406,23.353126525878906,25.488622665405273,40.6300048828125,63.743473052978516,27.866912841796875,45.75592041015625,76.46614074707031
2018-02-15,16.485610961914062,23.81364631652832,26.75096321105957,50.96085739135742,23.77532196044922,25.726764678955078,41.142616271972656,65.16710662841797,28.064245223999023,47.57450485229492,77.16458892822266
2018-02-16,16.350421905517578,23.70464515686035,26.79927635192871,51.74201965332031,23.81313133239746,25.70511817932129,41.08740997314453,65.3482894897461,28.082740783691406,47.0485725402832,77.33704376220703
2018-02-20,16.30773162841797,23.578861236572266,26.541589736938477,51.32204055786133,23.447649002075195,25.430896759033203,40.57481384277344,62.93245315551758,28.286245346069336,45.679874420166016,76.74207305908203
2018-02-21,16.265039443969727,23.61240577697754,26.356380462646484,50.80966567993164,23.3657283782959,25.35873031616211,40.117401123046875,62.768524169921875,28.273914337158203,45.812950134277344,76.26782989501953
2018-02-22,16.393115997314453,23.562095642089844,26.4852237701416,51.044857025146484,23.29641342163086,25.409244537353516,40.92180633544922,62.751277923583984,28.52674102783203,45.84463119506836,76.47477722167969
2018-02-23,16.52118492126465,23.863956451416016,26.678485870361328,51.79241943359375,23.73750877380371,25.6257381439209,40.835052490234375,64.0886001586914,28.822738647460938,47.70756912231445,77.55261993408203
2018-02-26,16.699058532714844,23.981346130371094,26.79927635192871,52.46440124511719,23.895048141479492,25.78449821472168,40.724639892578125,64.81336212158203,29.0632381439209,47.713905334472656,78.28555297851562
2018-02-27,16.435802459716797,23.754953384399414,26.300010681152344,51.750431060791016,23.428741455078125,25.394811630249023,39.86503982543945,63.035980224609375,28.545242309570312,45.895328521728516,77.14734649658203
2018-02-28,16.23657989501953,23.302156448364258,26.114795684814453,51.296844482421875,23.09476661682129,25.019550323486328,39.36032485961914,62.199058532714844,28.045745849609375,45.21731948852539,76.43165588378906
2018-03-01,16.129852294921875,23.151222229003906,25.615530014038086,49.810096740722656,23.189287185668945,24.74532699584961,39.56536102294922,61.879844665527344,28.039579391479492,45.128604888916016,75.42280578613281
2018-03-02,16.179658889770508,23.042217254638672,25.615530014038086,50.37288284301758,23.33422088623047,24.80306053161621,39.51804733276367,62.38026809692383,28.119741439819336,45.45810317993164,75.66423034667969
2018-03-05,16.250810623168945,23.109298706054688,25.98595428466797,50.599666595458984,23.378328323364258,24.96903419494629,39.64423751831055,62.078285217285156,28.317079544067383,45.83196258544922,76.44889831542969
2018-03-06,16.37887954711914,23.260231018066406,26.138957977294922,50.910457611083984,23.630386352539062,25.09171485900879,39.920249938964844,64.26978302001953,28.514404296875,46.64937210083008,76.65584564208984
2018-03-07,16.272157669067383,23.16799545288086,26.34832763671875,50.48207092285156,23.6492919921875,25.084505081176758,39.817726135253906,64.09723663330078,28.132080078125,46.795108795166016,76.68171691894531
2018-03-08,16.29350471496582,23.260231018066406,26.316116333007812,50.792869567871094,23.71860694885254,25.127798080444336,40.51171112060547,63.89016342163086,27.78057861328125,46.65570068359375,76.9576416015625
2018-03-09,16.58521842956543,23.495014190673828,26.404693603515625,50.91885757446289,24.065187454223633,25.308212280273438,40.906028747558594,65.74517059326172,28.360248565673828,47.13727951049805,77.8458023071289
2018-03-12,16.578102111816406,23.478242874145508,26.525482177734375,50.96925735473633,24.279434204101562,25.272127151489258,41.05587387084961,65.74517059326172,28.50208282470703,46.73808288574219,77.92337799072266
2018-03-13,16.364652633666992,23.285385131835938,26.090639114379883,50.885257720947266,24.26683235168457,25.062849044799805,40.89814376831055,65.39141845703125,28.224576950073242,46.053749084472656,77.38013458251953
2018-03-14,16.435802459716797,23.36085319519043,26.211429595947266,51.1036491394043,24.254230499267578,25.12058448791504,40.69309997558594,65.9263687133789,28.181411743164062,45.825626373291016,77.25943756103516
2018-03-15,16.25792694091797,23.23508071899414,26.29195785522461,51.204444885253906,24.317245483398438,25.098936080932617,40.10952377319336,65.70204162597656,27.540082931518555,45.109596252441406,77.18183898925781
2018-03-16,16.201004028320312,23.201539993286133,26.275854110717773,50.9776496887207,24.247928619384766,25.15666389465332,39.770408630371094,65.81419372558594,27.509248733520508,44.6153564453125,77.19046783447266
2018-03-19,16.072935104370117,23.058990478515625,26.08258628845215,50.112491607666016,24.090394973754883,24.990686416625977,39.28934860229492,64.58039855957031,27.256420135498047,44.30485916137695,76.33680725097656
2018-03-20,16.016016006469727,23.142837524414062,26.10674476623535,50.398075103759766,24.26683235168457,24.954607009887695,39.447078704833984,65.44318389892578,27.083749771118164,45.24900817871094,76.38854217529297
2018-03-21,16.179658889770508,23.495014190673828,26.130903244018555,50.46527862548828,24.373958587646484,25.026769638061523,40.622127532958984,65.99539184570312,27.73741340637207,45.724246978759766,76.38854217529297
2018-03-22,15.766984939575195,23.025447845458984,25.52695655822754,50.0032958984375,23.825733184814453,24.572128295898438,40.030643463134766,64.0886001586914,27.077585220336914,44.007049560546875,74.68988037109375
2018-03-23,15.560650825500488,22.799055099487305,25.212900161743164,48.95332717895508,23.39093589782715,24.478315353393555,39.39187240600586,61.974754333496094,27.046751022338867,43.34804916381836,73.49993896484375
2018-03-26,15.838134765625,22.9583683013916,25.728269577026367,49.6505012512207,24.20381736755371,24.98346710205078,40.338218688964844,64.218017578125,27.45991325378418,45.229984283447266,75.15550231933594
2018-03-27,15.53218936920166,22.79067039489746,25.438373565673828,49.76810073852539,23.87614631652832,24.788623809814453,39.94390869140625,62.95834732055664,26.732254028320312,43.931007385253906,74.01729583740234
2018-03-28,15.53930377960205,22.706815719604492,25.414215087890625,50.33087921142578,23.76902198791504,24.96903419494629,39.612693786621094,63.7089729309082,26.849424362182617,42.92350387573242,74.12077331542969
2018-03-29,15.667374610900879,23.109298706054688,25.80074691772461,50.96925735473633,24.159709930419922,25.077285766601562,40.6300048828125,65.09806060791016,27.675745010375977,43.53181076049805,75.12963104248047
2018-04-02,15.397002220153809,22.78227996826172,25.414215087890625,49.94449234008789,23.5988826751709,24.810274124145508,39.549598693847656,64.00232696533203,27.2379150390625,42.48628234863281,73.54306030273438
2018-04-03,15.574881553649902,22.924829483032227,25.57526969909668,50.574462890625,23.907651901245117,25.01233673095703,40.43285369873047,65.19297790527344,27.015918731689453,42.910831451416016,74.25873565673828
2018-04-04,15.681604385375977,23.00029754638672,25.62359046936035,50.62487030029297,24.00217628479004,25.27934455871582,41.49749755859375,64.35607147216797,27.003585815429688,43.10092544555664,74.8192138671875
2018-04-05,15.695833206176758,23.310543060302734,25.937641143798828,50.876861572265625,24.084091186523438,25.52470588684082,41.552703857421875,64.47685241699219,27.182422637939453,43.157955169677734,75.42280578613281
2018-04-06,15.51795482635498,23.058990478515625,25.841005325317383,50.07889175415039,23.62409019470215,25.45254135131836,41.27668762207031,63.13089370727539,26.775421142578125,42.2581787109375,74.2932357788086
2018-04-09,15.695833206176758,23.218303680419922,26.018169403076172,50.52408218383789,23.77532196044922,25.632953643798828,41.16627883911133,63.743473052978516,25.88743019104004,42.41658020019531,74.71573638916016
2018-04-10,15.980438232421875,23.453088760375977,26.38053321838379,50.80126190185547,24.084091186523438,26.02264404296875,41.749855041503906,64.45097351074219,26.405426025390625,43.27834701538086,75.79356384277344
2018-04-11,15.873710632324219,23.486631393432617,26.219484329223633,50.67527389526367,24.04628562927246,25.979351043701172,41.812950134277344,64.00232696533203,26.769250869750977,43.07558059692383,75.42280578613281
2018-04-12,15.923516273498535,23.486631393432617,26.41274642944336,50.591270446777344,24.027379989624023,26.159761428833008,42.120513916015625,64.09723663330078,26.6767578125,42.82212448120117,75.9056625366211
2018-04-13,15.923516273498535,23.436317443847656,26.4852237701416,50.591270446777344,23.863540649414062,26.181400299072266,42.483280181884766,64.14036560058594,26.164928436279297,42.59400939941406,75.70735168457031
2018-04-16,15.994667053222656,23.536941528320312,26.493274688720703,50.73406219482422,23.97696876525879,26.116456985473633,42.388648986816406,64.38195037841797,25.82576560974121,43.119930267333984,76.1988296508789
2018-04-17,16.016016006469727,23.679485321044922,26.815380096435547,50.9272575378418,23.687101364135742,26.166973114013672,42.711978912353516,64.66666412353516,26.275928497314453,43.43675994873047,76.90591430664062
2018-04-18,16.10850715637207,23.796875,26.863697052001953,51.271644592285156,23.81313133239746,26.347383499145508,42.67255783081055,65.42594146728516,27.034421920776367,44.28585433959961,77.07835388183594
2018-04-19,15.93774700164795,23.61240577697754,26.72679901123047,51.07844924926758,23.56737518310547,26.24635887145996,41.42652130126953,65.04631042480469,26.88642692565918,43.9246826171875,76.63858795166016
2018-04-20,15.774102210998535,23.51178550720215,26.541589736938477,50.9776496887207,23.176685333251953,26.1741943359375,41.17416763305664,64.2956771850586,26.615089416503906,43.34804916381836,76.11260223388672
2018-04-23,15.781217575073242,23.427934646606445,26.444961547851562,50.910457611083984,22.987642288208008,26.159761428833008,40.30666732788086,63.9505500793457,26.26976203918457,42.27083969116211,76.06089782714844
2018-04-24,15.781217575073242,23.37762451171875,26.219484329223633,50.72566223144531,22.56545066833496,26.109243392944336,40.188377380371094,63.20854949951172,26.1402645111084,41.91599655151367,75.37106323242188
2018-04-25,15.752755165100098,23.39439582824707,26.08258628845215,50.885257720947266,22.634761810302734,26.044294357299805,40.227806091308594,63.243064880371094,25.924428939819336,41.39640426635742,75.3193359375
2018-04-26,15.831023216247559,23.553712844848633,26.187271118164062,51.196044921875,22.72928237915039,26.24635887145996,40.424964904785156,64.88237762451172,26.436260223388672,42.19480514526367,76.06089782714844
2018-04-27,15.923516273498535,23.654329299926758,26.29195785522461,51.05324172973633,22.861610412597656,26.22470474243164,40.74830627441406,65.65026092529297,26.55343246459961,42.562320709228516,76.05224609375
2018-04-30,15.788331031799316,23.587247848510742,26.138957977294922,50.93565368652344,22.874217987060547,26.159761428833008,40.69309997558594,65.22748565673828,26.084760665893555,41.71955871582031,75.69010162353516
2018-05-01,15.866597175598145,23.587247848510742,26.04232406616211,50.893653869628906,22.779693603515625,26.029857635498047,40.14895248413086,64.88237762451172,25.757930755615234,41.19364547729492,75.70735168457031
2018-05-02,16.001785278320312,23.553712844848633,26.29195785522461,50.591270446777344,22.622161865234375,25.892749786376953,39.51015853881836,64.12311553955078,25.33243751525879,41.04155731201172,75.30208587646484
2018-05-03,16.15119743347168,23.57048225402832,26.308059692382812,50.64166259765625,22.521337509155273,25.964914321899414,38.942352294921875,64.2525405883789,25.116600036621094,40.99087142944336,75.4055404663086
2018-05-04,16.172542572021484,23.738182067871094,26.444961547851562,51.011260986328125,22.72928237915039,26.029857635498047,38.47705841064453,64.12311553955078,25.12894630432129,41.59284591674805,75.94878387451172
2018-05-07,16.08716583251953,23.805259704589844,26.557693481445312,51.07004928588867,22.64736557006836,26.0515079498291,37.522823333740234,63.389739990234375,24.728103637695312,41.39006042480469,76.20745849609375
2018-05-08,16.016016006469727,23.780107498168945,26.4610652923584,51.22964096069336,22.842708587646484,26.037073135375977,37.49127960205078,63.286197662353516,24.734281539916992,41.2886848449707,76.13848114013672
2018-05-09,16.08716583251953,24.031660079956055,26.493274688720703,50.792869567871094,22.905723571777344,26.44841766357422,37.3020133972168,63.32070541381836,24.962440490722656,41.548484802246094,76.68171691894531
2018-05-10,16.27927017211914,24.35029411315918,26.734853744506836,51.086849212646484,23.359426498413086,26.49893569946289,38.29568099975586,64.7098159790039,25.813432693481445,42.8031120300293,77.31117248535156
2018-05-11,16.25792694091797,24.33352279663086,26.69459342956543,51.473236083984375,23.49806022644043,26.535018920898438,37.90924835205078,64.68394470214844,25.246109008789062,43.012210845947266,77.48362731933594
2018-05-14,16.29350471496582,24.467687606811523,26.646276473999023,51.758827209472656,23.617782592773438,26.58553123474121,37.372989654541016,64.2784194946289,25.067276000976562,42.758758544921875,77.67332458496094
2018-05-15,16.09427833557129,24.383834838867188,26.4530086517334,51.22964096069336,23.19559097290039,26.513368606567383,37.03388214111328,62.9238395690918,24.752779006958008,40.902156829833984,77.07835388183594
2018-05-16,16.243698120117188,24.50960922241211,26.428850173950195,51.38083267211914,23.485454559326172,26.614404678344727,37.27835464477539,63.545047760009766,25.024110794067383,41.99836730957031,77.3198013305664
2018-05-17,16.265039443969727,24.585079193115234,26.581850051879883,51.3724365234375,23.201889038085938,26.758726119995117,36.521270751953125,63.07912063598633,24.099117279052734,41.10492706298828,77.39739227294922
2018-05-18,16.15119743347168,24.434146881103516,26.477174758911133,51.2464485168457,23.11366844177246,26.657691955566406,35.92192077636719,62.9755859375,23.618118286132812,39.96436309814453,77.14734649658203
2018-05-21,16.3575382232666,24.660537719726562,26.686538696289062,51.30524826049805,23.460250854492188,26.866973876953125,35.787845611572266,63.34659957885742,23.673614501953125,39.85663986206055,77.6043472290039
2018-05-22,16.243698120117188,24.534765243530273,26.654327392578125,51.18763732910156,23.42243766784668,26.888622283935547,36.292572021484375,63.5968017578125,24.277942657470703,40.914825439453125,77.51811981201172
2018-05-23,16.158313751220703,24.459299087524414,26.195322036743164,50.98605728149414,23.315317153930664,26.527803421020508,36.844608306884766,64.22665405273438,23.82777976989746,41.11759567260742,77.22494506835938
2018-05-24,16.179658889770508,24.291595458984375,25.98595428466797,50.67527389526367,23.340524673461914,26.369035720825195,36.331993103027344,63.398353576660156,23.519453048706055,40.92750549316406,77.07835388183594
2018-05-25,16.08005142211914,24.115509033203125,25.929584503173828,50.50727081298828,23.384632110595703,26.13089370727539,36.276798248291016,63.9505500793457,22.97062873840332,40.83879089355469,76.85417938232422
2018-05-29,15.859485626220703,23.754953384399414,25.116270065307617,50.17128372192383,23.02545166015625,25.690689086914062,35.25947189331055,62.69948959350586,21.78663444519043,38.93784713745117,75.76770782470703
2018-05-30,16.208118438720703,24.207748413085938,25.704111099243164,50.52408218383789,23.214496612548828,26.09480857849121,35.61435317993164,62.57007598876953,22.002466201782227,39.81861877441406,76.73346710205078
2018-05-31,16.05870246887207,24.098739624023438,25.478639602661133,50.1796760559082,23.08216667175293,26.000995635986328,35.235809326171875,62.242218017578125,21.965463638305664,39.43208694458008,76.19023132324219
2018-06-01,16.165428161621094,24.065200805664062,25.615530014038086,50.52408218383789,23.491758346557617,26.1741943359375,35.47238540649414,63.398353576660156,22.0826358795166,40.534637451171875,77.01799011230469
2018-06-04,16.265039443969727,23.62917709350586,25.760480880737305,50.82646179199219,23.8824462890625,26.159761428833008,35.46451950073242,63.657196044921875,22.45879554748535,41.39006042480469,77.29391479492188
2018-06-05,16.19388771057129,24.149051666259766,25.76853370666504,50.73406219482422,23.724912643432617,26.145322799682617,34.52604293823242,63.21717834472656,21.56463623046875,39.94533920288086,77.2853012084961
2018-06-06,16.421573638916016,24.266441345214844,26.155065536499023,50.95245361328125,24.229026794433594,26.390689849853516,34.86515808105469,64.2784194946289,21.262474060058594,40.775428771972656,77.99235534667969
2018-06-07,16.29350471496582,24.24967384338379,25.841005325317383,50.95245361328125,23.98956871032715,26.253572463989258,34.58913803100586,63.85565185546875,20.17098045349121,39.35605239868164,77.74230194091797
2018-06-08,16.286386489868164,24.358678817749023,25.929584503173828,51.1036491394043,23.731212615966797,26.289655685424805,35.42506790161133,63.389739990234375,21.052806854248047,39.34972381591797,78.02684783935547
2018-06-11,16.371767044067383,24.35029411315918,26.138957977294922,51.26325607299805,23.794225692749023,26.43398094177246,35.196380615234375,63.674468994140625,20.843137741088867,38.773094177246094,78.23381805419922
2018-06-12,16.158313751220703,24.325136184692383,26.026216506958008,50.944053649902344,23.630386352539062,26.24635887145996,35.306793212890625,63.070499420166016,21.065141677856445,38.17112731933594,78.1993179321289
2018-06-13,16.13697052001953,24.358678817749023,26.130903244018555,50.98605728149414,23.62409019470215,26.217493057250977,35.22792053222656,62.69948959350586,20.843137741088867,38.25983428955078,77.99235534667969
2018-06-14,15.987549781799316,24.291595458984375,26.24364471435547,50.93565368652344,23.315317153930664,26.296871185302734,35.37775802612305,61.88847732543945,20.152484893798828,38.17112731933594,78.06133270263672
2018-06-15,16.001785278320312,24.065200805664062,26.114795684814453,50.66685485839844,23.164081573486328,25.95047950744629,35.53549575805664,60.568382263183594,20.374483108520508,37.86063003540039,77.92337799072266
2018-06-18,16.13697052001953,24.16581916809082,25.720218658447266,50.297279357910156,22.83641242980957,25.820581436157227,35.622230529785156,59.85226821899414,20.084651947021484,36.66302490234375,77.5698471069336
2018-06-19,16.007862091064453,23.881874084472656,25.393726348876953,49.76400375366211,22.716678619384766,25.647729873657227,35.465675354003906,58.558074951171875,20.511558532714844,35.76708984375,77.19731903076172
2018-06-20,16.167434692382812,24.017086029052734,25.368993759155273,49.78093719482422,22.975038528442383,25.662506103515625,36.016822814941406,58.989463806152344,20.398723602294922,36.300926208496094,77.30199432373047
2018-06-21,16.22545623779297,23.864971160888672,25.01447105407715,49.59471130371094,22.59065055847168,25.492597579956055,35.92896270751953,57.876461029052734,19.984973907470703,36.3073616027832,76.84830474853516
2018-06-22,16.45755958557129,24.093143463134766,25.253568649291992,49.840187072753906,22.71038246154785,25.913658142089844,36.5679817199707,58.7392578125,20.08527946472168,37.2978515625,77.21475982666016
2018-06-25,16.123912811279297,23.64525604248047,24.81659507751465,49.16301727294922,22.4835262298584,25.381793975830078,36.84756088256836,58.51493453979492,20.260805130004883,36.43599319458008,76.20267486572266
2018-06-26,16.23996353149414,23.822721481323242,24.725906372070312,49.450809478759766,22.458322525024414,25.470436096191406,36.903472900390625,58.29923629760742,20.154233932495117,36.056522369384766,76.30735778808594
2018-06-27,16.09490394592285,23.62835121154785,24.462074279785156,49.12068557739258,22.162147521972656,25.307920455932617,36.432193756103516,57.626243591308594,19.43332290649414,34.506465911865234,75.6442642211914
2018-06-28,16.312498092651367,23.763566970825195,24.346647262573242,49.179931640625,22.256675720214844,25.485210418701172,37.47859191894531,57.703895568847656,19.991243362426758,35.683475494384766,76.05435180664062
2018-06-29,16.399538040161133,24.093143463134766,24.717655181884766,49.019107818603516,22.68517303466797,25.69204330444336,37.65432357788086,58.420021057128906,20.091543197631836,37.02128982543945,76.30735778808594
2018-07-02,16.181941986083984,23.96638298034668,24.593994140625,48.240352630615234,22.496131896972656,25.389179229736328,36.70378112792969,57.14308547973633,19.978708267211914,36.59035110473633,76.15904998779297
2018-07-03,16.26897430419922,24.03398895263672,24.676437377929688,48.18110275268555,22.414209365844727,25.470436096191406,37.830055236816406,56.720314025878906,20.40498924255371,36.924808502197266,75.8624038696289
2018-07-05,16.443056106567383,24.093143463134766,25.096920013427734,48.10492706298828,22.23777198791504,25.74375343322754,39.63528060913086,56.59088134765625,20.24199676513672,37.458641052246094,76.6563491821289
2018-07-06,16.667905807495117,24.32131576538086,25.270055770874023,48.41810989379883,22.389005661010742,25.817630767822266,40.282291412353516,57.08268737792969,20.7999210357666,37.754512786865234,77.25837707519531
2018-07-09,16.805713653564453,24.448078155517578,25.410215377807617,49.086822509765625,22.893123626708984,26.03923797607422,40.266319274902344,57.910972595214844,21.02560043334961,38.912227630615234,77.79058837890625
2018-07-10,16.711421966552734,24.608644485473633,25.500913619995117,48.900604248046875,22.88051986694336,26.0761775970459,40.66571044921875,57.824684143066406,21.119632720947266,38.880069732666016,78.08724212646484
2018-07-11,16.30524444580078,24.270610809326172,24.981491088867188,48.22343063354492,22.44571876525879,25.573856353759766,40.25833511352539,56.65129089355469,20.524093627929688,37.58085250854492,77.11878204345703
2018-07-12,16.617136001586914,24.557933807373047,25.179367065429688,48.27421951293945,22.8679141998291,25.861948013305664,40.290283203125,56.86698913574219,20.937835693359375,38.08895492553711,77.82550811767578
2018-07-13,16.55910873413086,24.566387176513672,25.253568649291992,48.72284698486328,22.949831008911133,25.891494750976562,40.13851547241211,57.117191314697266,21.345308303833008,37.87028503417969,77.99126434326172
2018-07-16,16.450305938720703,24.4987850189209,25.38548469543457,48.73977279663086,22.94353485107422,25.728979110717773,40.33821105957031,57.09131622314453,21.245006561279297,37.38789749145508,77.8167724609375
2018-07-17,16.385028839111328,24.448078155517578,25.550376892089844,49.17147445678711,23.044353485107422,25.603404998779297,40.418087005615234,57.384674072265625,21.828004837036133,38.07609176635742,78.06107330322266
2018-07-18,16.479320526123047,24.405826568603516,25.57511329650879,49.09528732299805,23.11996841430664,25.58863067626953,40.54589080810547,57.10857009887695,21.558452606201172,37.979618072509766,78.27916717529297
2018-07-19,16.385028839111328,24.363569259643555,25.426708221435547,49.103759765625,23.1010684967041,25.47782325744629,40.018699645996094,56.30616760253906,21.627408981323242,37.05987548828125,77.91275787353516
2018-07-20,16.566360473632812,24.422727584838867,25.368993759155273,49.256126403808594,23.485454559326172,25.69943618774414,40.32224655151367,57.22936248779297,22.34832191467285,38.005348205566406,78.13959503173828
2018-07-23,16.406789779663086,24.32131576538086,25.393726348876953,49.50160217285156,23.33422088623047,25.596017837524414,40.55387496948242,56.06459045410156,22.147716522216797,37.30428695678711,78.14832305908203
2018-07-24,16.588123321533203,24.388919830322266,25.57511329650879,49.704750061035156,23.428741455078125,25.84717559814453,40.913333892822266,56.91012191772461,22.718181610107422,38.140411376953125,78.49732208251953
2018-07-25,16.638893127441406,24.608644485473633,25.781232833862305,50.02640914916992,23.687101364135742,25.884111404418945,41.440521240234375,57.565853118896484,23.28864097595215,38.84791564941406,79.10806274414062
2018-07-26,16.472070693969727,24.61709213256836,25.715272903442383,50.15338134765625,23.630386352539062,25.640342712402344,41.32070541381836,57.17759323120117,22.636686325073242,38.25618362426758,78.97718048095703
2018-07-27,16.566360473632812,24.541034698486328,25.764738082885742,50.30574417114258,23.7501163482666,25.69204330444336,41.43252944946289,57.44506072998047,23.025352478027344,38.64851760864258,78.58453369140625
2018-07-30,16.55185317993164,24.566387176513672,25.797719955444336,49.92483139038086,23.661897659301758,25.75114631652832,41.68015670776367,57.42780685424805,23.044153213500977,38.912227630615234,78.3489761352539
2018-07-31,16.6243896484375,24.684696197509766,25.814207077026367,49.543914794921875,23.81943130493164,25.935821533203125,41.52039337158203,58.031761169433594,22.630416870117188,39.35601806640625,78.60200500488281
2018-08-01,16.486574172973633,24.600194931030273,25.60808753967285,49.865577697753906,23.825733184814453,25.610790252685547,41.31272888183594,57.652130126953125,22.561466217041016,38.7642936706543,78.37515258789062
2018-08-02,16.435800552368164,24.67624855041504,25.237077713012695,49.586246490478516,23.56737518310547,25.3300838470459,40.857418060302734,56.39244842529297,22.7119083404541,37.638736724853516,78.54966735839844
2018-08-03,16.479320526123047,24.710050582885742,25.30303192138672,49.577781677246094,23.78162384033203,25.47782325744629,41.448516845703125,56.91012191772461,23.539392471313477,38.31407165527344,78.76778411865234
2018-08-06,16.472070693969727,24.794557571411133,25.2040958404541,49.2053337097168,23.743816375732422,25.293149948120117,41.47248077392578,56.659915924072266,23.21341323852539,37.72877883911133,78.8462905883789
2018-08-07,16.52284049987793,24.388919830322266,25.360750198364258,49.62010192871094,23.76902198791504,25.492597579956055,42.25527572631836,57.63488006591797,22.793411254882812,38.455570220947266,79.16909790039062
2018-08-08,16.609882354736328,24.490331649780273,25.294790267944336,49.569313049316406,23.913957595825195,25.544309616088867,42.12747573852539,57.53133773803711,22.505043029785156,38.60993194580078,79.21275329589844
2018-08-09,16.5736141204834,24.608644485473633,25.270055770874023,49.38309097290039,23.77532196044922,25.492597579956055,41.05710983276367,57.289756774902344,22.191600799560547,37.831687927246094,78.9248275756836
2018-08-10,16.30524444580078,24.32131576538086,24.5032958984375,48.67206954956055,23.516963958740234,25.09370231628418,39.63528060913086,55.83163070678711,21.21366310119629,36.024356842041016,78.03489685058594
2018-08-13,16.210952758789062,24.23680877685547,24.38787078857422,48.384254455566406,23.01915168762207,25.012441635131836,39.57937240600586,54.97745895385742,21.32650375366211,34.924530029296875,77.78186798095703
2018-08-14,16.27623176574707,24.490331649780273,24.404361724853516,48.578948974609375,23.26490592956543,24.90163803100586,40.48997497558594,55.857513427734375,21.752782821655273,35.57413864135742,78.06107330322266
2018-08-15,16.25446891784668,24.050891876220703,23.90143394470215,47.98642349243164,22.785995483398438,24.451034545898438,39.30778884887695,54.615089416503906,21.18858528137207,33.631744384765625,77.3543472290039
2018-08-16,16.45755958557129,24.143848419189453,24.066329956054688,48.248817443847656,23.012849807739258,24.643091201782227,39.33974075317383,55.15864562988281,21.082021713256836,33.56742477416992,77.89527893066406
2018-08-17,16.682411193847656,24.464981079101562,24.255958557128906,48.40964126586914,23.01915168762207,24.7539005279541,39.78705978393555,55.76259994506836,20.862607955932617,34.184879302978516,78.17447662353516
2018-08-20,16.696918487548828,24.464981079101562,24.486806869506836,48.604339599609375,23.06325912475586,24.931190490722656,39.95479202270508,55.77985763549805,20.737234115600586,34.35210037231445,78.50604248046875
2018-08-21,16.544605255126953,24.405826568603516,24.833087921142578,48.59587860107422,23.3657283782959,25.012441635131836,40.601810455322266,56.83247375488281,20.047664642333984,35.291141510009766,78.87246704101562
2018-08-22,16.501079559326172,24.583295822143555,24.89080047607422,48.79903030395508,23.359426498413086,25.130634307861328,41.42454528808594,56.961883544921875,20.44260025024414,36.46172332763672,78.97718048095703
2018-08-23,16.189193725585938,24.372020721435547,24.758888244628906,48.59587860107422,23.271207809448242,24.82776641845703,40.753578186035156,56.29753875732422,19.765567779541016,35.50338363647461,78.75904846191406
2018-08-24,16.334260940551758,24.4987850189209,25.039203643798828,48.765167236328125,23.428741455078125,24.990283966064453,40.889366149902344,57.60898971557617,20.041397094726562,36.77044677734375,79.14293670654297
2018-08-27,16.49382781982422,24.77765655517578,25.451440811157227,49.50160217285156,23.636688232421875,25.307920455932617,41.71210861206055,58.20431900024414,20.56797981262207,37.57441711425781,79.89326477050781
2018-08-28,16.486574172973633,24.69314956665039,25.451440811157227,49.3492317199707,23.806827545166016,25.182342529296875,40.69765853881836,58.14392852783203,20.179306030273438,37.58085250854492,79.83219909667969
2018-08-29,16.646148681640625,24.77765655517578,25.558618545532227,49.5269889831543,24.096698760986328,25.34485626220703,41.208885192871094,58.178443908691406,20.561708450317383,37.291412353515625,80.2684555053711
2018-08-30,16.472070693969727,24.650897979736328,25.286550521850586,49.179931640625,23.699703216552734,25.086313247680664,40.282291412353516,57.600372314453125,19.8282527923584,34.91809844970703,79.8845443725586
2018-08-31,16.312498092651367,24.338214874267578,24.923776626586914,49.28152084350586,23.901351928710938,24.798215866088867,40.21040725708008,58.083526611328125,20.342300415039062,35.291141510009766,79.50067138671875
2018-09-04,16.13116455078125,23.9410343170166,24.643457412719727,48.67206954956055,23.680801391601562,24.62831687927246,39.16400146484375,57.600372314453125,19.408245086669922,32.7891845703125,79.18656158447266
2018-09-05,15.993353843688965,23.907230377197266,24.38787078857422,48.15571212768555,23.535869598388672,24.5544490814209,39.012245178222656,56.823848724365234,19.546157836914062,32.15885543823242,78.79393768310547
2018-09-06,15.826526641845703,23.89032554626465,24.214733123779297,48.265750885009766,23.466550827026367,24.391935348510742,39.403648376464844,56.599517822265625,20.08527946472168,32.49974822998047,78.63688659667969
2018-09-07,15.565414428710938,23.797367095947266,24.01685905456543,47.969486236572266,23.327919006347656,24.222030639648438,39.36370086669922,55.99555969238281,20.379907608032227,32.65410232543945,78.24429321289062
2018-09-10,15.674215316772461,23.772014617919922,24.206485748291016,48.079524993896484,23.050657272338867,24.391935348510742,39.37968063354492,56.08183670043945,20.147968292236328,32.512611389160156,78.45366668701172
2018-09-11,15.717732429504395,23.92412757873535,24.198244094848633,48.18110275268555,23.176685333251953,24.384546279907227,39.51548385620117,56.42695999145508,19.43332290649414,32.917816162109375,78.74161529541016
2018-09-12,15.877303123474121,24.03398895263672,24.280689239501953,48.27421951293945,23.088464736938477,24.502735137939453,40.25034713745117,56.60814666748047,19.590042114257812,33.046451568603516,78.9248275756836
2018-09-13,15.877303123474121,24.00864028930664,24.528032302856445,48.646663665771484,23.12627601623535,24.58399772644043,41.033145904541016,57.15171432495117,19.257795333862305,33.43878936767578,79.43958282470703
2018-09-14,15.855545043945312,23.949481964111328,24.49505043029785,49.196868896484375,23.359426498413086,24.58399772644043,40.753578186035156,57.47957992553711,19.571231842041016,33.027156829833984,79.4919204711914
2018-09-17,15.877303123474121,24.03398895263672,24.462074279785156,49.22226333618164,23.176685333251953,24.613540649414062,40.64973068237305,56.62540054321289,20.141695022583008,32.9113883972168,79.21275329589844
2018-09-18,16.051382064819336,24.34666633605957,24.676437377929688,50.39885330200195,23.20819664001465,24.724349975585938,40.921321868896484,57.42780685424805,20.392452239990234,33.16222381591797,79.65771484375
2018-09-19,16.123912811279297,24.39737319946289,24.742395401000977,50.57661819458008,23.37203025817871,24.849929809570312,40.99320983886719,57.462318420410156,20.392452239990234,33.966190338134766,79.96308135986328
2018-09-20,16.22545623779297,24.524133682250977,25.195852279663086,50.71205520629883,23.43504524230957,25.24883270263672,40.849430084228516,58.36825180053711,20.66827392578125,34.80875778198242,80.71341705322266
2018-09-21,16.174686431884766,24.549488067626953,25.212343215942383,50.82209777832031,23.611482620239258,25.226669311523438,40.729610443115234,58.56669235229492,21.163509368896484,35.31044006347656,80.70468139648438
2018-09-24,16.109405517578125,24.448078155517578,25.055692672729492,50.593544006347656,23.586278915405273,25.18973159790039,40.33821105957031,58.212947845458984,20.555438995361328,34.892372131347656,80.38185119628906
2018-09-25,16.13842010498047,24.34666633605957,25.138139724731445,50.97445297241211,23.630386352539062,25.42611312866211,40.48997497558594,58.540809631347656,20.768583297729492,34.90523147583008,80.30335998535156
2018-09-26,16.116657257080078,24.253711700439453,25.03095817565918,51.21993637084961,23.523265838623047,25.42611312866211,40.73759460449219,58.60121154785156,21.094560623168945,35.07889175415039,80.33824157714844
2018-09-27,16.044130325317383,24.312862396240234,24.96500015258789,51.08449172973633,23.825733184814453,25.448278427124023,40.84144592285156,59.11888122558594,21.533370971679688,34.90523147583008,80.30335998535156
2018-09-28,16.044130325317383,24.32131576538086,24.51978874206543,50.9829216003418,23.756418228149414,25.204504013061523,40.921321868896484,58.90318298339844,21.144702911376953,34.506465911865234,80.09396362304688
2018-10-01,16.022367477416992,24.608644485473633,24.651702880859375,51.3299674987793,23.83833885192871,25.182342529296875,41.22486114501953,58.627079010009766,21.13216781616211,34.422847747802734,80.38185119628906
2018-10-02,15.833785057067871,24.405826568603516,24.49505043029785,51.21147155761719,23.42243766784668,25.04937744140625,40.601810455322266,57.712528228759766,22.3232421875,33.747520446777344,80.03286743164062
2018-10-03,15.739496231079102,24.464981079101562,24.58574867248535,50.76283645629883,23.227096557617188,25.152799606323242,39.930850982666016,57.074058532714844,23.131925582885742,32.60908889770508,80.17247009277344
2018-10-04,15.652458190917969,24.253711700439453,24.297176361083984,50.07719802856445,22.65366554260254,24.931190490722656,39.39565658569336,55.51239013671875,22.887432098388672,31.863004684448242,79.28254699707031
2018-10-05,15.587178230285645,24.11004638671875,24.066329956054688,50.08565902709961,22.17475700378418,24.7686710357666,39.60334396362305,55.53828430175781,22.98146629333496,31.89516830444336,78.96845245361328
2018-10-08,15.478379249572754,24.025537490844727,23.74478530883789,50.30574417114258,22.231470108032227,24.5544490814209,39.403648376464844,55.400230407714844,24.529870986938477,31.908029556274414,78.62818145751953
2018-10-09,15.420352935791016,23.983285903930664,23.720048904418945,50.0179443359375,22.181058883666992,24.5544490814209,39.523460388183594,55.14139175415039,24.811967849731445,32.28750991821289,78.48856353759766
2018-10-10,15.093954086303711,23.239612579345703,23.15116310119629,48.79056167602539,21.475297927856445,24.199867248535156,38.86846923828125,53.510704040527344,23.896717071533203,30.981842041015625,76.46441650390625
2018-10-11,14.854599952697754,22.926937103271484,22.953290939331055,47.91023254394531,20.79474449157715,23.82313346862793,38.75663757324219,52.38043975830078,23.514314651489258,30.640968322753906,74.92884826660156
2018-10-12,14.934385299682617,23.045255661010742,23.043983459472656,48.02027130126953,21.311460494995117,23.87484359741211,38.90839767456055,53.57972717285156,24.203889846801758,32.326087951660156,75.76644897460938
2018-10-15,14.963397026062012,23.05370330810547,23.142919540405273,47.87637710571289,21.0531005859375,23.87484359741211,39.19595718383789,52.99302291870117,23.95313835144043,32.08168029785156,75.32146453857422
2018-10-16,15.195502281188965,23.40863609313965,23.588132858276367,48.765167236328125,21.59502601623535,24.125999450683594,39.77107620239258,54.04563903808594,24.73046875,33.464515686035156,76.83959197998047
2018-10-17,15.1592378616333,23.24806785583496,23.324304580688477,48.73130416870117,21.305158615112305,23.96348762512207,39.25987243652344,53.709144592285156,25.006298065185547,32.512611389160156,76.64763641357422
2018-10-18,15.02142333984375,22.901586532592773,22.846107482910156,47.850975036621094,20.870357513427734,23.594135284423828,37.95785903930664,52.2855339050293,24.191347122192383,31.425642013549805,75.5570297241211
2018-10-19,15.166489601135254,22.977645874023438,22.953290939331055,47.95254898071289,21.097211837768555,23.80097198486328,38.04572296142578,53.02753829956055,24.41703224182129,31.81155014038086,75.66173553466797
2018-10-22,15.02142333984375,22.93539047241211,22.837867736816406,47.65628433227539,21.141319274902344,23.660619735717773,37.406700134277344,53.09656524658203,24.93733787536621,32.178157806396484,75.47852325439453
2018-10-23,14.861849784851074,22.749473571777344,22.55754280090332,47.1060905456543,20.79474449157715,23.55720329284668,37.16706848144531,52.138858795166016,24.799423217773438,32.075252532958984,74.8503189086914
2018-10-24,14.513699531555176,22.267784118652344,21.766050338745117,45.59937286376953,20.24021339416504,23.003175735473633,36.152626037597656,50.3960075378418,23.78387451171875,30.31295394897461,72.66039276123047
2018-10-25,14.571721076965332,22.27623176574707,22.219512939453125,46.27654266357422,20.555286407470703,23.19523811340332,36.77566909790039,51.19841003417969,24.448373794555664,31.284143447875977,73.82953643798828
2018-10-26,14.477435111999512,22.191722869873047,22.079349517822266,45.68401336669922,20.126789093017578,23.047500610351562,36.647865295410156,49.77478790283203,25.100326538085938,31.059032440185547,72.80870819091797
2018-10-29,14.44116497039795,21.92974853515625,22.170042037963867,45.26078414916992,20.08268165588379,23.06226921081543,34.02786636352539,49.0500373840332,24.2164249420166,30.5123348236084,72.46845245361328
2018-10-30,14.818333625793457,22.250879287719727,22.29371452331543,45.97181701660156,20.567890167236328,23.246944427490234,33.90007019042969,50.05951690673828,25.31973648071289,31.14264678955078,73.5067138671875
2018-10-31,14.941637992858887,22.40299415588379,22.46685218811035,46.420440673828125,20.876659393310547,23.498106002807617,33.61251449584961,50.27521514892578,25.169286727905273,31.04616928100586,74.3791732788086
2018-11-01,15.18099594116211,22.639612197875977,22.755420684814453,46.31039810180664,21.35556983947754,23.96348762512207,35.01835632324219,51.3450813293457,25.733478546142578,33.13005828857422,75.09461212158203
2018-11-02,15.144723892211914,22.59735679626465,22.903823852539062,46.572811126708984,21.361875534057617,23.830520629882812,35.28995132446289,52.44083023071289,26.084529876708984,33.61244583129883,74.84159851074219
2018-11-05,15.202754020690918,22.724119186401367,22.813133239746094,46.40351867675781,21.336666107177734,23.96348762512207,36.30438995361328,52.20787811279297,25.85258674621582,34.40998840332031,75.18186950683594
2018-11-06,15.347823143005371,22.78327751159668,22.837867736816406,46.928321838378906,21.160226821899414,23.948711395263672,36.376285552978516,52.673789978027344,25.432575225830078,34.37139892578125,75.5308609008789
2018-11-07,15.558162689208984,22.926937103271484,23.109941482543945,47.419281005859375,21.632835388183594,24.303293228149414,36.504085540771484,53.4503059387207,25.307201385498047,35.81210708618164,76.90066528320312
2018-11-08,15.5073881149292,22.825529098510742,22.664724349975586,47.11455154418945,21.292556762695312,24.111228942871094,34.03587341308594,52.37181091308594,24.580018997192383,34.088401794433594,76.41207122802734
2018-11-09,15.376834869384766,22.631166458129883,22.656482696533203,46.640525817871094,20.870357513427734,23.91916275024414,34.139713287353516,51.241546630859375,24.736736297607422,33.36803436279297,75.97582244873047
2018-11-12,15.275285720825195,22.40299415588379,22.005149841308594,46.00566864013672,20.60569953918457,23.48333168029785,33.14922332763672,50.49091720581055,24.41703224182129,32.27463912963867,74.4228286743164
2018-11-13,15.253522872924805,22.37763786315918,22.343183517456055,45.83638000488281,20.807344436645508,23.631071090698242,32.41434860229492,51.207035064697266,24.0220890045166,32.49974822998047,74.61473846435547
2018-11-14,15.079449653625488,22.44524574279785,22.425630569458008,45.99721145629883,20.870357513427734,23.682781219482422,32.52618408203125,51.00859451293945,24.39822006225586,32.46116256713867,74.16980743408203
2018-11-15,15.195502281188965,22.555103302001953,22.508073806762695,46.26808547973633,21.242143630981445,23.54242515563965,32.142765045166016,52.30278778076172,24.993759155273438,33.895450592041016,74.73689270019531
2018-11-16,15.246273040771484,22.605806350708008,22.491586685180664,46.301937103271484,20.990089416503906,23.42423439025879,33.05337905883789,52.49260330200195,25.376157760620117,34.24918746948242,74.91139221191406
2018-11-19,14.956144332885742,22.43679428100586,22.219512939453125,46.098785400390625,20.69391632080078,23.34297752380371,32.89361572265625,51.72471237182617,25.018829345703125,33.65103530883789,73.95166015625
2018-11-20,14.673270225524902,21.9128475189209,21.766050338745117,45.252323150634766,20.378849029541016,23.010560989379883,32.19068908691406,50.81877136230469,24.172542572021484,32.962833404541016,72.62549591064453
2018-11-21,14.948891639709473,22.411439895629883,22.137060165405273,45.9464225769043,20.700218200683594,23.394683837890625,32.238624572753906,51.49176025390625,24.69912338256836,33.40662384033203,73.24495697021484
2018-11-23,14.927131652832031,22.107213973999023,21.897966384887695,45.77712631225586,20.353641510009766,23.10659408569336,31.727407455444336,50.568565368652344,24.260303497314453,33.35517501831055,72.66039276123047
2018-11-26,15.093954086303711,22.27623176574707,22.31020164489746,46.395050048828125,20.782140731811523,23.48333168029785,30.16179847717285,51.96629333496094,23.457897186279297,34.36496353149414,73.55034637451172
2018-11-27,15.086702346801758,22.0987606048584,22.145309448242188,46.352725982666016,20.687618255615234,23.298656463623047,30.665029525756836,52.25102233886719,24.467174530029297,34.54505157470703,73.6724624633789
2018-11-28,15.318806648254395,22.470600128173828,22.45036506652832,46.962181091308594,21.292556762695312,23.601520538330078,32.03093719482422,53.372657775878906,24.956146240234375,35.61272048950195,75.2952880859375
2018-11-29,15.246273040771484,22.50440216064453,22.326688766479492,46.80136489868164,21.0531005859375,23.40207290649414,32.54214859008789,52.83772277832031,24.96241569519043,35.297576904296875,75.06846618652344
2018-11-30,15.086702346801758,22.51285171508789,22.128820419311523,46.84368133544922,20.983783721923828,23.217397689819336,32.21466064453125,52.30278778076172,24.949880599975586,33.9854850769043,75.21676635742188
2018-12-03,15.347823143005371,22.741024017333984,22.491586685180664,47.47853088378906,21.60132598876953,23.439008712768555,32.40635681152344,53.752288818359375,25.06898307800293,35.2525520324707,76.21141052246094
2018-12-04,14.934385299682617,22.343835830688477,21.832008361816406,45.72633743286133,21.040496826171875,22.93668556213379,31.86319351196289,52.423580169677734,24.623899459838867,34.34566116333008,73.89058685302734
2018-12-06,14.818333625793457,21.921297073364258,21.52695655822754,45.65861511230469,20.700218200683594,22.567338943481445,32.4463005065918,52.018062591552734,24.724199295043945,33.843990325927734,73.65502166748047
2018-12-07,14.731294631958008,21.802988052368164,21.155942916870117,45.320030212402344,20.341039657592773,22.38266372680664,32.43032455444336,50.88780212402344,24.235227584838867,32.564064025878906,72.33756256103516
2018-12-10,14.53546142578125,21.58326530456543,21.015783309936523,44.97297668457031,20.397750854492188,22.116731643676758,32.08684539794922,50.93956756591797,23.58954620361328,31.991640090942383,72.18923950195312
2018-12-11,14.651511192321777,21.498762130737305,21.114717483520508,44.93911361694336,20.47966957092285,22.183218002319336,32.01496124267578,50.86191177368164,23.852834701538086,32.43543243408203,72.1107406616211
2018-12-12,14.796575546264648,21.735380172729492,21.44450569152832,45.480857849121094,20.801044464111328,22.567338943481445,32.494232177734375,51.74197006225586,24.254032135009766,33.58671569824219,72.88724517822266
2018-12-13,14.789320945739746,21.693130493164062,21.395038604736328,45.34542465209961,20.74432945251465,22.559951782226562,32.238624572753906,51.62118148803711,24.341798782348633,33.42592239379883,72.73892211914062
2018-12-14,14.53546142578125,21.439605712890625,21.08998680114746,44.829071044921875,20.441862106323242,22.257083892822266,32.166725158691406,50.66347122192383,24.028362274169922,32.5383415222168,71.49126434326172
2018-12-17,14.53546142578125,21.00861358642578,20.92508888244629,44.473567962646484,20.397750854492188,22.050251007080078,31.679471969604492,50.37874984741211,23.721189498901367,32.19102096557617,70.37448120117188
2018-12-18,14.539222717285156,21.007753372192383,21.040517807006836,44.597251892089844,20.591508865356445,22.002695083618164,32.245521545410156,51.087196350097656,23.971988677978516,32.46507263183594,70.40177154541016
2018-12-19,14.373490333557129,20.758583068847656,20.875621795654297,43.94041061401367,20.272916793823242,21.919662475585938,32.350341796875,50.501197814941406,23.48185157775879,31.827600479125977,69.60963439941406
2018-12-20,14.21529483795166,20.560964584350586,20.776683807373047,43.710086822509766,20.454967498779297,21.93475914001465,33.05992889404297,50.9472541809082,23.908334732055664,32.53078842163086,68.59750366210938
2018-12-21,13.883828163146973,20.131357192993164,20.570568084716797,42.362266540527344,20.32493019104004,21.75360679626465,32.59225082397461,50.676124572753906,23.6409854888916,31.95903968811035,67.34769439697266
2018-12-24,13.876297950744629,19.847814559936523,20.150087356567383,41.90161895751953,20.064855575561523,21.557357788085938,32.73738479614258,50.28253936767578,23.316354751586914,32.10361862182617,66.04512786865234
2018-12-26,14.350890159606934,20.466449737548828,20.702482223510742,42.694969177246094,20.415958404541016,22.09327507019043,33.05992889404297,51.21839141845703,23.74283218383789,32.97109603881836,68.21024322509766
2018-12-27,14.39609432220459,20.37193489074707,20.636526107788086,43.26649856567383,20.402952194213867,21.88947105407715,33.09218978881836,51.3233528137207,24.029268264770508,32.87252426147461,68.88794708251953
2018-12-28,14.501561164855957,20.492223739624023,20.801420211791992,43.317691802978516,20.617515563964844,22.176300048828125,33.17281723022461,51.75191879272461,24.239334106445312,33.2274055480957,68.99363708496094
2018-12-31,14.501561164855957,20.58673858642578,20.900354385375977,43.24091339111328,20.558998107910156,22.153657913208008,33.205074310302734,51.48078918457031,24.31571388244629,33.155120849609375,69.4692611694336
2019-01-02,14.388561248779297,20.775766372680664,20.74370765686035,43.53947067260742,20.337932586669922,22.13856315612793,34.124298095703125,50.789825439453125,25.868865966796875,33.04996871948242,69.47808074951172
2019-01-03,14.283093452453613,20.646881103515625,20.471630096435547,43.29209518432617,19.700748443603516,22.002695083618164,33.69694137573242,49.696533203125,26.034358978271484,33.14854049682617,68.31541442871094
2019-01-04,14.787819862365723,21.179595947265625,21.23838996887207,44.759334564208984,20.084362030029297,22.614091873168945,34.39038848876953,51.2708740234375,26.6199893951416,34.955806732177734,70.39412689208984
2019-01-07,14.833024024963379,21.41158676147461,21.271364212036133,44.870235443115234,20.259912490844727,22.614091873168945,34.79356384277344,51.46329116821289,26.35263442993164,34.50236129760742,70.72000885009766
2019-01-08,14.946022033691406,21.643573760986328,21.403282165527344,45.083492279052734,20.214399337768555,22.74995994567871,35.366065979003906,50.88603973388672,26.6708984375,34.515499114990234,71.41584014892578
2019-01-09,15.156952857971191,22.047401428222656,21.766050338745117,45.33086395263672,20.591508865356445,22.96885108947754,35.76116180419922,52.18049240112305,27.34562873840332,35.40269470214844,71.90909576416016
2019-01-10,15.22475528717041,22.14192008972168,21.757808685302734,45.603843688964844,20.721548080444336,23.066974639892578,35.841800689697266,52.390403747558594,27.30743980407715,36.11903381347656,72.2350082397461
2019-01-11,15.22475528717041,22.098955154418945,21.535200119018555,45.07495880126953,20.695539474487305,23.07452392578125,35.68859100341797,52.3466682434082,27.23105812072754,35.790443420410156,72.02362060546875
2019-01-14,15.1644868850708,22.184871673583984,21.502222061157227,44.91288375854492,20.4289608001709,22.923564910888672,35.85793685913086,51.75191879272461,27.358360290527344,35.65243148803711,71.7593765258789
2019-01-15,15.262422561645508,22.305166244506836,21.485733032226562,45.458831787109375,20.637020111083984,23.03678321838379,36.05951690673828,52.486602783203125,27.205596923828125,35.90873718261719,72.41117095947266
2019-01-16,15.300084114074707,22.3739070892334,21.502222061157227,45.680625915527344,20.728046417236328,22.96885108947754,36.454620361328125,53.36998748779297,27.161039352416992,36.59220504760742,72.48164367675781
2019-01-17,15.443221092224121,22.554336547851562,21.54344367980957,45.586788177490234,20.812572479248047,23.15755844116211,36.357852935791016,53.4661979675293,27.38382911682129,36.25047302246094,73.00129699707031
2019-01-18,15.503486633300781,22.70040512084961,22.005149841308594,46.192447662353516,21.014131546020508,23.3689022064209,36.341732025146484,53.74607849121094,27.498403549194336,36.00731658935547,73.80284118652344
2019-01-22,15.119285583496094,22.477006912231445,21.584667205810547,45.36499786376953,20.721548080444336,23.097169876098633,35.753108978271484,52.5915641784668,26.830034255981445,35.62614440917969,72.78992462158203
2019-01-23,15.187085151672363,22.43404769897461,21.74955940246582,45.23704528808594,20.838581085205078,23.263229370117188,36.02725601196289,53.317508697509766,27.555688858032227,35.92188262939453,72.95726776123047
2019-01-24,15.194621086120605,22.562931060791016,21.807273864746094,45.50148010253906,21.014131546020508,23.165102005004883,35.97081756591797,53.955989837646484,27.784847259521484,36.335906982421875,73.09819793701172
2019-01-25,15.46581745147705,22.87224578857422,22.219512939453125,45.99625778198242,21.35222816467285,23.3236141204834,36.132083892822266,55.50408935546875,27.893051147460938,36.60535430908203,73.84687042236328
2019-01-28,15.390484809875488,22.829286575317383,22.20302391052246,45.6635627746582,21.15717315673828,23.15755844116211,35.97081756591797,55.03178405761719,27.288349151611328,36.34905242919922,73.30078887939453
2019-01-29,15.337754249572754,22.966760635375977,22.145309448242188,45.70621871948242,20.955612182617188,23.316064834594727,36.132083892822266,55.329158782958984,27.651174545288086,36.70392990112305,73.42408752441406
2019-01-30,15.58635425567627,23.164377212524414,22.26898193359375,46.21804428100586,21.29371452331543,23.625537872314453,35.97081756591797,56.990966796875,28.389551162719727,37.70942687988281,74.33133697509766
2019-01-31,15.511017799377441,23.2417049407959,22.08759307861328,46.3033447265625,21.644817352294922,23.768949508666992,36.2852897644043,56.60612487792969,28.879688262939453,37.854007720947266,74.83340454101562
2019-02-01,15.48841667175293,23.31044578552246,22.104084014892578,46.11567687988281,21.46926498413086,23.851980209350586,36.16434097290039,56.01137161254883,28.898780822753906,37.144256591796875,74.80697631835938
2019-02-04,15.616482734680176,23.370588302612305,22.112327575683594,46.21804428100586,21.605804443359375,23.919912338256836,36.357852935791016,56.195045471191406,28.936979293823242,36.579063415527344,75.25618743896484
2019-02-05,15.872617721557617,23.508066177368164,22.384403228759766,46.40570831298828,21.84637451171875,24.131254196166992,36.75296401977539,57.06092834472656,28.777833938598633,37.45970153808594,75.67015075683594
2019-02-06,15.691819190979004,23.370588302612305,22.194780349731445,46.02184295654297,21.74884605407715,24.040681838989258,36.47075271606445,56.536155700683594,27.581148147583008,36.3687629699707,75.46757507324219
2019-02-07,15.684284210205078,23.20734214782715,21.576425552368164,45.38206100463867,21.51477813720703,23.935007095336914,36.2852897644043,55.50408935546875,27.402915954589844,35.994171142578125,74.69246673583984
2019-02-08,15.654147148132324,23.155784606933594,21.362062454223633,44.98112106323242,21.3392276763916,23.919912338256836,35.8256721496582,54.81312561035156,27.4156551361084,35.6392822265625,74.62199401855469
2019-02-11,15.6089506149292,22.94098472595215,21.378549575805664,45.023773193359375,21.170177459716797,23.77650260925293,35.42250061035156,54.88309860229492,27.04646110534668,35.06095504760742,74.61318969726562
2019-02-12,15.767147064208984,23.20734214782715,21.733076095581055,45.817108154296875,21.404245376586914,23.950103759765625,35.46282196044922,55.55656433105469,27.816673278808594,35.37641143798828,75.56446075439453
2019-02-13,15.624014854431152,23.164377212524414,21.658870697021484,45.92800521850586,21.248199462890625,24.002939224243164,34.374263763427734,55.24169921875,27.4156551361084,34.574649810791016,75.74061584472656
2019-02-14,15.631549835205078,23.2417049407959,21.559934616088867,45.893882751464844,21.222192764282227,24.002939224243164,34.96289825439453,55.582801818847656,28.166765213012695,34.594356536865234,75.6349105834961
2019-02-15,15.880148887634277,23.551023483276367,22.013395309448242,46.482486724853516,21.34572982788086,24.31995964050293,35.30961608886719,55.46035385131836,28.294076919555664,34.614070892333984,76.57738494873047
2019-02-19,15.978081703186035,23.722869873046875,22.112327575683594,46.55926513671875,21.51477813720703,24.448278427124023,35.446693420410156,55.670265197753906,28.10311508178711,35.40269470214844,76.76237487792969
2019-02-20,15.925348281860352,23.96344757080078,22.285472869873047,46.61044692993164,21.696834564208984,24.584144592285156,35.4063720703125,56.12507247924805,27.854862213134766,35.540706634521484,76.9825439453125
2019-02-21,15.857545852661133,23.843156814575195,22.219512939453125,46.54220199584961,21.70333480834961,24.425634384155273,35.616024017333984,55.86268615722656,27.721187591552734,35.35669708251953,76.7535629272461
2019-02-22,16.038347244262695,23.972036361694336,22.285472869873047,46.644569396972656,21.885385513305664,24.50111198425293,36.00307083129883,56.396217346191406,28.10311508178711,35.69843292236328,77.1851577758789
2019-02-25,16.121213912963867,23.954853057861328,22.351425170898438,46.90901184082031,22.06743812561035,24.51620864868164,36.09983444213867,56.57988357543945,27.956708908081055,36.30305099487305,77.35250091552734
2019-02-26,16.121213912963867,23.997817993164062,22.524566650390625,47.07108688354492,21.963407516479492,24.727554321289062,35.89018249511719,56.41370391845703,28.07128143310547,36.42134094238281,77.44058990478516
2019-02-27,16.05341339111328,24.05796241760254,22.400894165039062,46.823707580566406,21.859378814697266,24.697370529174805,35.551517486572266,56.282508850097656,28.10947608947754,35.81672668457031,77.24679565429688
2019-02-28,16.030813217163086,23.9290771484375,22.508073806762695,46.37160110473633,21.5862979888916,24.584144592285156,35.12416458129883,55.07551574707031,27.3710880279541,35.284400939941406,77.06183624267578
2019-03-01,16.143810272216797,23.8173770904541,22.755420684814453,46.508079528808594,21.683826446533203,24.62943458557129,34.90644454956055,55.14549255371094,26.957345962524414,34.81122970581055,77.57270050048828
2019-03-04,16.060949325561523,23.757238388061523,22.56578826904297,46.363059997558594,21.664323806762695,24.569049835205078,34.72098922729492,54.70817184448242,26.970075607299805,34.81122970581055,77.23800659179688
2019-03-05,16.11368179321289,23.74005126953125,22.623502731323242,46.40570831298828,21.768352508544922,24.704914093017578,34.55971908569336,54.57697677612305,27.17376708984375,35.1595344543457,77.23800659179688
2019-03-06,16.128746032714844,23.611169815063477,22.516319274902344,46.13273620605469,21.722837448120117,24.735107421875,34.14848327636719,54.34082794189453,26.416290283203125,34.75208282470703,76.83283233642578
2019-03-07,16.08354949951172,23.482290267944336,22.08759307861328,45.586788177490234,21.508277893066406,24.47092056274414,33.680816650390625,53.431209564208984,26.212594985961914,33.917457580566406,76.07533264160156
2019-03-08,16.0157470703125,23.47369384765625,22.170042037963867,45.510013580322266,21.397743225097656,24.372800827026367,33.842079162597656,53.08135986328125,26.524497985839844,34.12775421142578,75.96082305908203
2019-03-11,16.15888023376465,23.679906845092773,22.367916107177734,46.004783630371094,21.631813049316406,24.584144592285156,34.2291259765625,53.60614013671875,27.4156551361084,34.45635223388672,76.95613861083984
2019-03-12,16.05341339111328,23.800195693969727,22.33493995666504,46.11567687988281,21.716339111328125,24.538848876953125,34.31782150268555,53.91225814819336,27.549318313598633,34.561492919921875,77.10586547851562
2019-03-13,16.13627815246582,23.9290771484375,22.524566650390625,46.29481887817383,21.82036590576172,24.878520965576172,34.40650939941406,53.562408447265625,27.84849739074707,34.20661163330078,77.72244262695312
2019-03-14,16.091079711914062,23.82597541809082,22.524566650390625,45.800048828125,21.722837448120117,24.961551666259766,34.30169677734375,53.22129821777344,27.504762649536133,33.930606842041016,77.5815200805664
2019-03-15,16.15888023376465,23.851747512817383,22.738927841186523,46.32893371582031,22.054433822631836,25.225730895996094,34.80162048339844,54.235870361328125,27.810300827026367,34.627220153808594,78.17163848876953
2019-03-18,16.211610794067383,24.023590087890625,22.755420684814453,46.45689010620117,22.22348403930664,25.361595153808594,35.390254974365234,54.393306732177734,28.26224708557129,35.00838088989258,78.47993469238281
2019-03-19,16.151348114013672,24.006406784057617,22.96977996826172,46.47396469116211,22.268997192382812,25.414430618286133,35.333805084228516,54.27085494995117,28.23042106628418,34.71922302246094,78.50635528564453
2019-03-20,16.15888023376465,23.980632781982422,22.829622268676758,46.49955368041992,22.30801010131836,25.316308975219727,36.236907958984375,54.515750885009766,28.013994216918945,35.09382247924805,78.34780883789062
2019-03-21,16.256813049316406,23.93766975402832,22.67296600341797,46.80664825439453,22.542076110839844,25.271020889282227,36.341732025146484,54.99679946899414,27.3710880279541,35.13325119018555,78.90272521972656
2019-03-22,15.993146896362305,23.56821060180664,22.046371459960938,46.3033447265625,22.145463943481445,24.878520965576172,34.91450881958008,53.54491424560547,25.73519515991211,33.62172317504883,77.36131286621094
2019-03-25,16.0684814453125,23.55961036682129,22.112327575683594,46.32893371582031,22.086946487426758,24.840778350830078,35.4144401550293,53.57115173339844,26.059825897216797,33.92401885986328,77.37010955810547
2019-03-26,16.143810272216797,23.73145866394043,22.178285598754883,46.840763092041016,22.262496948242188,24.954002380371094,35.46282196044922,53.37873458862305,26.492671966552734,33.8254508972168,77.88978576660156
2019-03-27,15.978081703186035,23.636945724487305,22.170042037963867,46.67868423461914,22.11945343017578,25.021934509277344,35.067718505859375,52.79273223876953,25.003175735473633,33.68743896484375,77.61676025390625
2019-03-28,16.098615646362305,23.697092056274414,22.079349517822266,46.70427703857422,22.210481643676758,24.863420486450195,34.995155334472656,53.07261276245117,25.894329071044922,33.69401550292969,77.78409576416016
2019-03-29,16.211610794067383,23.74864387512207,22.194780349731445,46.67868423461914,22.483558654785156,24.916259765625,35.148345947265625,53.30876541137695,26.09165382385254,34.3906364440918,78.20689392089844
2019-04-01,16.392410278320312,24.05796241760254,22.508073806762695,47.26728439331055,22.68511962890625,25.24837875366211,35.946624755859375,54.35832214355469,26.60724639892578,35.7575798034668,79.1141128540039
2019-04-02,16.309545516967773,24.05796241760254,22.639991760253906,46.9431266784668,22.652610778808594,25.39179039001465,35.60795593261719,54.22712326049805,26.58815574645996,35.41584014892578,79.14054107666016
2019-04-03,16.44514274597168,24.083736419677734,23.00275993347168,47.22463607788086,22.795652389526367,25.54275131225586,35.66440200805664,55.24169921875,26.212594985961914,36.17161178588867,79.44881439208984
2019-04-04,16.294479370117188,24.100921630859375,23.01100730895996,47.19905471801758,22.925687789916992,25.45217514038086,36.22077178955078,55.346656799316406,26.798206329345703,36.22418975830078,79.51930236816406
2019-04-05,16.219148635864258,24.186847686767578,23.035741806030273,47.2331657409668,23.036222457885742,25.512557983398438,37.123878479003906,55.477848052978516,26.919147491455078,36.48048782348633,79.81877136230469
2019-04-08,16.32461166381836,24.367277145385742,23.00275993347168,47.12228012084961,22.951698303222656,25.55784797668457,37.696380615234375,55.12799072265625,27.14830780029297,36.519920349121094,79.9068374633789
2019-04-09,16.24174690246582,24.221210479736328,22.796642303466797,46.866355895996094,22.951698303222656,25.414430618286133,37.55124282836914,55.11924743652344,26.785480499267578,36.67107009887695,79.44881439208984
2019-04-10,16.35474395751953,24.324316024780273,22.96153450012207,46.87489318847656,23.101240158081055,25.497465133666992,37.583492279052734,55.53032684326172,26.893692016601562,37.656856536865234,79.73068237304688
2019-04-11,16.309545516967773,24.281354904174805,22.986270904541016,46.7298698425293,22.90618324279785,25.46727180480957,37.36577606201172,55.1629753112793,26.39719009399414,37.2559700012207,79.6954574584961
2019-04-12,16.467744827270508,24.478973388671875,23.266590118408203,46.96873092651367,23.088237762451172,25.61823272705078,37.50285720825195,55.932655334472656,25.66517448425293,37.433406829833984,80.21511840820312
2019-04-15,16.430076599121094,24.478973388671875,23.291322708129883,46.96018981933594,23.0687313079834,25.603134155273438,37.30934143066406,55.88017272949219,25.856138229370117,37.35454559326172,80.19749450683594
2019-04-16,16.5129451751709,24.504751205444336,23.414989471435547,47.147865295410156,23.27029037475586,25.565397262573242,37.60768508911133,56.1163330078125,25.964351654052734,37.86715316772461,80.25917053222656
2019-04-17,16.49787712097168,24.60785484313965,23.596378326416016,47.147865295410156,23.46534538269043,25.610687255859375,38.043113708496094,56.2387809753418,25.493305206298828,37.95915985107422,80.21511840820312
2019-04-18,16.5129451751709,24.62504005432129,23.555156707763672,47.21611022949219,23.497854232788086,25.52010726928711,38.00279235839844,55.35540008544922,25.754291534423828,38.22860336303711,80.33843994140625
2019-04-22,16.490341186523438,24.62504005432129,23.62111473083496,47.045501708984375,23.361316680908203,25.550294876098633,37.95440673828125,55.08426284790039,25.77338409423828,37.926300048828125,80.3472671508789
2019-04-23,16.558141708374023,24.62504005432129,23.571645736694336,47.30994415283203,23.47835350036621,25.55784797668457,37.60768508911133,55.29418182373047,26.187137603759766,37.74229049682617,80.77005004882812
2019-04-24,16.475276947021484,24.384458541870117,23.538665771484375,46.7298698425293,23.341814041137695,25.354049682617188,37.220638275146484,53.86852264404297,25.518768310546875,36.618499755859375,80.4881820678711
2019-04-25,16.48281478881836,24.35869026184082,23.472707748413086,46.83223342895508,23.31580352783203,25.263471603393555,37.42222595214844,53.57989501953125,26.148941040039062,36.776222229003906,80.42649841308594
2019-04-26,16.520477294921875,24.45319938659668,23.530426025390625,47.258758544921875,23.2637882232666,25.30121612548828,37.510929107666016,53.4661979675293,26.25715446472168,37.282257080078125,80.79646301269531
2019-04-29,16.49787712097168,24.504751205444336,23.670583724975586,47.446434020996094,23.309301376342773,25.354049682617188,37.26902389526367,54.28834915161133,26.244417190551758,37.07852554321289,80.92858123779297
2019-04-30,16.399946212768555,24.530529022216797,23.74478530883789,47.27581787109375,23.30280113220215,25.482364654541016,37.21258544921875,53.772308349609375,26.346269607543945,37.209964752197266,81.11353302001953
2019-05-01,16.339679718017578,24.35869026184082,23.588132858276367,47.11374282836914,23.224777221679688,25.195539474487305,36.8416633605957,53.35249710083008,25.907060623168945,36.539634704589844,80.42649841308594
2019-05-02,16.317075729370117,24.20402717590332,23.563404083251953,47.13079833984375,23.32880973815918,25.16534996032715,36.64814376831055,53.7198371887207,25.87523651123047,36.815650939941406,80.29440307617188
2019-05-03,16.44514274597168,24.384458541870117,23.868453979492188,47.7364616394043,23.68641471862793,25.565397262573242,37.09162521362305,53.73733139038086,26.218952178955078,37.70942687988281,81.14877319335938
2019-05-06,16.286945343017578,24.3500919342041,23.62935447692871,47.25022506713867,23.2637882232666,25.354049682617188,36.8497314453125,52.80147171020508,25.754291534423828,37.08509826660156,80.62909698486328
2019-05-07,16.121213912963867,24.083736419677734,23.109941482543945,46.388648986816406,23.04922866821289,24.855878829956055,36.25303268432617,51.86561965942383,25.53786277770996,36.618499755859375,79.26386260986328
2019-05-08,16.121213912963867,24.118104934692383,23.357284545898438,46.10715103149414,23.0687313079834,24.870967864990234,35.8256721496582,51.988075256347656,26.040729522705078,36.59220504760742,79.23741149902344
2019-05-09,16.15888023376465,24.05796241760254,23.200632095336914,45.80858612060547,22.65911293029785,24.81813621520996,35.591827392578125,50.34376525878906,25.646080017089844,36.06645965576172,78.88510131835938
2019-05-10,16.35474395751953,24.040775299072266,23.36552619934082,46.12421417236328,22.78264617919922,24.908710479736328,35.954689025878906,50.50994110107422,25.620616912841797,36.98652648925781,79.2286148071289
2019-05-13,16.023283004760742,23.74005126953125,22.689462661743164,45.083492279052734,21.898391723632812,24.425634384155273,35.42250061035156,48.63823318481445,24.723093032836914,35.974449157714844,77.44939422607422
2019-05-14,16.008214950561523,23.93766975402832,22.895578384399414,45.71474838256836,22.06743812561035,24.644527435302734,35.841800689697266,49.39042282104492,24.80585479736328,35.994171142578125,78.13641357421875
2019-05-15,16.128746032714844,24.01500129699707,23.118188858032227,45.78298568725586,22.125957489013672,24.697370529174805,35.90630340576172,49.64405822753906,24.468486785888672,35.88901138305664,78.61205291748047
2019-05-16,16.264347076416016,24.186847686767578,23.332548141479492,45.97065734863281,21.969911575317383,24.833234786987305,35.85793685913086,48.95309829711914,23.965621948242188,35.71814727783203,79.23741149902344
2019-05-17,16.13627815246582,24.12669563293457,23.126428604125977,45.800048828125,21.527780532836914,24.667171478271484,35.66440200805664,48.340858459472656,23.545501708984375,35.02153396606445,78.83226013183594
2019-05-20,16.48281478881836,24.04936981201172,22.854352951049805,45.552669525146484,21.371736526489258,24.553953170776367,35.986942291259766,48.165931701660156,24.010183334350586,34.837520599365234,78.27735900878906
2019-05-21,16.62594223022461,24.27276611328125,23.06047248840332,45.8682975769043,21.644817352294922,24.689817428588867,35.946624755859375,48.78691864013672,24.99044418334961,34.77836990356445,78.91152954101562
2019-05-22,16.6184139251709,24.075143814086914,22.96977996826172,45.492950439453125,21.527780532836914,24.493568420410156,35.712791442871094,48.88313293457031,25.054096221923828,34.515499114990234,78.68253326416016
2019-05-23,16.5129451751709,23.73145866394043,22.67296600341797,45.151729583740234,21.13116455078125,24.18409538269043,35.46282196044922,48.41958236694336,24.882230758666992,33.365413665771484,77.76647186279297
2019-05-24,16.595809936523438,23.911895751953125,22.837867736816406,45.85123062133789,21.20918846130371,24.455827713012695,35.317684173583984,48.463314056396484,24.964982986450195,33.56914138793945,78.18925476074219
2019-05-28,16.490341186523438,23.868934631347656,22.648235321044922,45.46736145019531,21.09215545654297,24.21428871154785,34.91450881958008,48.50703430175781,25.63970947265625,32.68851089477539,77.51984405517578
2019-05-29,16.399946212768555,23.645532608032227,22.376163482666016,45.25410079956055,21.098655700683594,24.018037796020508,35.4063720703125,48.034732818603516,26.047094345092773,33.85173416137695,76.93852996826172
2019-05-30,16.430076599121094,23.576801300048828,22.491586685180664,45.458831787109375,21.319721221923828,24.101064682006836,35.91437530517578,48.62074279785156,26.327177047729492,34.18032455444336,77.1851577758789
2019-05-31,16.422544479370117,23.482290267944336,22.194780349731445,44.97259521484375,21.508277893066406,23.919912338256836,34.60810089111328,48.60324478149414,26.51177215576172,34.73894119262695,76.41883850097656
2019-06-03,16.35474395751953,23.542430877685547,22.367916107177734,45.23704528808594,21.59930419921875,23.972749710083008,34.40650939941406,49.52161407470703,26.709096908569336,35.330406188964844,76.22506713867188
2019-06-04,16.60334587097168,23.886117935180664,22.813133239746094,45.75740051269531,21.696834564208984,24.252029418945312,35.04352951049805,49.87146759033203,27.091018676757812,34.77180099487305,77.74886322021484
2019-06-05,16.53554344177246,23.911895751953125,22.730682373046875,45.78298568725586,21.657821655273438,24.229379653930664,35.26930236816406,49.3729248046875,26.454490661621094,34.272342681884766,78.14521789550781
2019-06-06,16.641010284423828,24.05796241760254,22.771907806396484,45.83416748046875,21.59280014038086,24.425634384155273,35.00320053100586,49.3729248046875,26.87459373474121,34.15404510498047,78.47993469238281
2019-06-07,16.836877822875977,24.186847686767578,22.978029251098633,46.388648986816406,21.74884605407715,24.72000503540039,35.132225036621094,49.81898498535156,27.116479873657227,34.4694938659668,79.46644592285156
2019-06-10,16.836877822875977,24.229801177978516,23.01100730895996,46.60191345214844,21.87888526916504,24.75774574279785,36.172401428222656,50.273799896240234,26.906423568725586,35.2778434753418,79.87162780761719
2019-06-11,17.010143280029297,24.229801177978516,23.167654037475586,46.75545883178711,21.969911575317383,24.88606834411621,36.36591720581055,50.6936149597168,27.593881607055664,35.83644104003906,79.7571029663086
2019-06-12,16.836877822875977,24.05796241760254,23.00275993347168,46.23509979248047,21.859378814697266,24.697370529174805,36.22077178955078,50.177589416503906,27.23105812072754,35.218692779541016,79.58975219726562
2019-06-13,16.84440803527832,24.143882751464844,23.085205078125,46.183929443359375,21.787857055664062,24.727554321289062,36.01919937133789,49.90644836425781,27.504762649536133,35.06753158569336,79.72187042236328
2019-06-14,16.731407165527344,24.075143814086914,22.829622268676758,46.064491271972656,21.644817352294922,24.51620864868164,35.753108978271484,49.5478515625,26.8873291015625,34.876949310302734,79.49285125732422
2019-06-17,16.664535522460938,24.14710807800293,22.810985565185547,46.19963836669922,21.735843658447266,24.44654083251953,35.606666564941406,49.75775909423828,26.887968063354492,35.109439849853516,79.4607162475586
2019-06-18,16.918193817138672,24.48525619506836,23.226037979125977,46.4751091003418,22.19747543334961,24.74070167541504,35.91928482055664,50.98225021362305,27.597074508666992,36.268524169921875,80.37137603759766
2019-06-19,17.025802612304688,24.667333602905273,23.29380226135254,46.8882942199707,22.568084716796875,24.818115234375,36.223690032958984,51.340843200683594,27.912954330444336,36.976104736328125,80.72852325439453
2019-06-20,17.217973709106445,24.944786071777344,23.53944206237793,47.34452438354492,22.919189453125,24.996166229248047,36.66795349121094,52.15425109863281,28.480228424072266,37.198482513427734,81.48741149902344
2019-06-21,17.1180477142334,24.788719177246094,23.514034271240234,46.87968444824219,22.802152633666992,24.887788772583008,36.25659942626953,51.9181022644043,28.602710723876953,37.083927154541016,81.2463607788086
2019-06-24,17.24103355407715,24.840742111206055,23.505563735961914,46.87968444824219,22.76964569091797,24.965198516845703,36.26482391357422,52.02305603027344,28.609163284301758,36.558292388916016,81.27313995361328
2019-06-25,17.179540634155273,24.658668518066406,23.32768440246582,46.67308807373047,22.47705841064453,24.86456298828125,36.166107177734375,51.786903381347656,27.848485946655273,36.20787811279297,80.60353088378906
2019-06-26,17.24871826171875,24.68467140197754,23.429330825805664,46.604225158691406,22.542076110839844,24.887788772583008,36.380008697509766,52.267948150634766,28.074106216430664,36.72676086425781,80.60353088378906
2019-06-27,17.364017486572266,24.693344116210938,23.505563735961914,46.793609619140625,22.78915023803711,24.841337203979492,35.82878494262695,52.57407760620117,28.164358139038086,36.7672004699707,80.82673645019531
2019-06-28,17.32558250427246,24.81473159790039,23.759674072265625,46.98297882080078,22.730632781982422,25.019386291503906,35.68893814086914,52.36416244506836,28.183704376220703,36.84132385253906,81.26419830322266
2019-07-01,17.294836044311523,24.87542724609375,23.818973541259766,47.65441131591797,23.12074851989746,25.14324188232422,36.083839416503906,52.162994384765625,28.286846160888672,36.976104736328125,81.8266830444336
2019-07-02,17.28714942932129,24.927444458007812,23.835914611816406,47.800750732421875,23.11424446105957,25.236133575439453,36.10851287841797,51.778160095214844,28.02898406982422,36.868282318115234,82.08560180664062
2019-07-03,17.502376556396484,25.144210815429688,24.03073501586914,47.9384651184082,22.919189453125,25.37547492980957,36.182559967041016,50.88603973388672,28.286846160888672,36.7672004699707,82.65702056884766
2019-07-05,17.51006317138672,25.109525680541992,23.7766170501709,47.73188400268555,22.750141143798828,25.096797943115234,36.281272888183594,50.553672790527344,29.163549423217773,36.3089599609375,82.45166015625
2019-07-08,17.28714942932129,24.970800399780273,23.624147415161133,47.45642852783203,22.76964569091797,25.027128219604492,36.643272399902344,49.58283233642578,29.376277923583984,36.44373321533203,82.04987335205078
2019-07-09,17.22566032409668,25.048826217651367,23.53944206237793,47.03463363647461,22.763141632080078,24.895524978637695,35.507930755615234,49.3991584777832,29.666378021240234,35.843971252441406,81.96060943603516
2019-07-10,17.294836044311523,25.118192672729492,23.488624572753906,47.31869125366211,23.11424446105957,24.972936630249023,35.507930755615234,50.03764343261719,30.124065399169922,36.72002410888672,82.36237335205078
2019-07-11,17.34864044189453,25.135536193847656,23.403919219970703,47.4047737121582,23.11424446105957,24.980676651000977,35.83702850341797,50.25630187988281,30.020925521850586,36.47743225097656,82.54985809326172
2019-07-12,17.3793888092041,25.135536193847656,23.403919219970703,47.421993255615234,23.127246856689453,24.972936630249023,35.79588317871094,50.38749694824219,29.866209030151367,36.61894989013672,82.79092407226562
2019-07-15,17.402448654174805,25.12686538696289,23.54791259765625,47.45642852783203,23.18576431274414,24.957456588745117,36.25659942626953,50.221317291259766,29.582571029663086,36.91544723510742,82.74628448486328
2019-07-16,17.28714942932129,25.066171646118164,23.471681594848633,47.10349655151367,23.18576431274414,24.818115234375,35.91106414794922,50.273799896240234,29.47298812866211,36.942413330078125,82.49630737304688
2019-07-17,17.364017486572266,25.031494140625,23.29380226135254,47.060455322265625,23.04922866821289,24.77166748046875,35.5902099609375,49.827735900878906,29.63414192199707,36.5448112487793,82.20166015625
2019-07-18,17.456253051757812,25.118192672729492,23.251449584960938,46.9399299621582,23.341814041137695,24.895524978637695,35.236446380615234,50.46621322631836,30.085390090942383,37.40065002441406,82.35343933105469
2019-07-19,17.487001419067383,24.996809005737305,23.107450485229492,47.060455322265625,23.237783432006836,24.856822967529297,34.93204116821289,50.483707427978516,29.666378021240234,37.003055572509766,82.02311706542969
2019-07-22,17.456253051757812,24.996809005737305,23.209095001220703,47.12931823730469,23.393827438354492,24.849077224731445,34.57004928588867,50.79856872558594,29.77596092224121,36.99632263183594,82.26416778564453
2019-07-23,17.525432586669922,24.996809005737305,23.497095108032227,47.50807571411133,23.387327194213867,24.94197654724121,34.05175018310547,50.79856872558594,29.460092544555664,37.07718276977539,82.79092407226562
2019-07-24,17.53312110900879,25.07484245300293,23.598739624023438,47.568328857421875,23.387327194213867,24.849077224731445,34.487789154052734,50.53618621826172,29.614805221557617,37.023277282714844,83.07662963867188
2019-07-25,17.47162628173828,24.832069396972656,23.226037979125977,47.060455322265625,23.27029037475586,24.6323299407959,34.323246002197266,49.84522247314453,29.066856384277344,36.09331512451172,82.45166015625
2019-07-26,17.433195114135742,24.884098052978516,23.32768440246582,47.18096923828125,23.276790618896484,24.802635192871094,34.134029388427734,49.96767807006836,29.292478561401367,35.722679138183594,83.07662963867188
2019-07-29,17.517745971679688,24.840742111206055,23.370037078857422,47.12070846557617,23.361316680908203,24.88004493713379,34.69345474243164,49.355430603027344,29.3247127532959,36.26179122924805,82.98735046386719
2019-07-30,17.364017486572266,24.780052185058594,22.853334426879883,46.819427490234375,23.107742309570312,24.601362228393555,34.4301872253418,49.26797103881836,29.118427276611328,35.783329010009766,82.45166015625
2019-07-31,17.22566032409668,24.615312576293945,22.71780776977539,46.78499221801758,22.932191848754883,24.415573120117188,33.95302963256836,48.454559326171875,28.686511993408203,34.826412200927734,82.01419067382812
2019-08-01,17.133419036865234,24.48525619506836,22.700870513916016,46.77638626098633,22.509567260742188,24.129152297973633,33.525211334228516,47.83357238769531,28.448001861572266,33.99078369140625,81.10350799560547
2019-08-02,17.06424331665039,24.32918357849121,22.46369743347168,46.53535461425781,22.1779727935791,23.773061752319336,33.097412109375,47.01142501831055,28.312625885009766,33.75492858886719,80.46067810058594
2019-08-05,16.441625595092773,23.878328323364258,22.006288528442383,45.381874084472656,21.508277893066406,23.130544662475586,32.21711349487305,44.9997673034668,27.165163040161133,32.710418701171875,78.39826202392578
2019-08-06,16.326324462890625,23.965030670166016,22.06558609008789,45.958614349365234,22.015424728393555,23.192476272583008,32.56265640258789,45.33212661743164,27.6744327545166,33.000179290771484,79.08573913574219
2019-08-07,16.334012985229492,24.129770278930664,22.209583282470703,46.27711486816406,22.099950790405273,23.269887924194336,33.0151481628418,45.402095794677734,27.842041015625,32.8182373046875,79.52322387695312
2019-08-08,16.61073112487793,24.459243774414062,22.370519638061523,46.604225158691406,22.373027801513672,23.494380950927734,33.3689079284668,45.76944351196289,28.53824806213379,32.771060943603516,80.63922882080078
2019-08-09,16.518491744995117,24.424562454223633,22.25193214416504,46.113563537597656,22.17146873474121,23.293107986450195,33.32776641845703,45.60326385498047,28.357751846313477,31.996097564697266,80.20175170898438
2019-08-12,16.387815475463867,24.199129104614258,22.031700134277344,45.6745491027832,22.02842903137207,23.130544662475586,32.488609313964844,45.08723068237305,27.45525360107422,31.699581146240234,79.18395233154297
2019-08-13,16.603044509887695,24.424562454223633,22.24346351623535,46.19103240966797,22.386032104492188,23.30084800720215,32.587337493896484,45.86565017700195,28.00320053100586,31.996097564697266,80.273193359375
2019-08-14,16.21102523803711,23.774280548095703,21.52347183227539,45.071983337402344,21.768352508544922,22.75897216796875,31.452003479003906,44.76362228393555,26.655902862548828,30.67527198791504,78.03219604492188
2019-08-15,16.149534225463867,23.722261428833008,21.3879451751709,45.50238800048828,21.91789436340332,22.844125747680664,31.616544723510742,45.00851821899414,26.662343978881836,31.241342544555664,78.21076965332031
2019-08-16,16.31863784790039,24.034391403198242,21.68440818786621,45.97583770751953,22.25599479675293,23.068614959716797,32.184207916259766,45.65574264526367,26.849288940429688,31.349153518676758,79.01431274414062
2019-08-19,16.380130767822266,24.18178939819336,21.887704849243164,45.96722412109375,22.34701919555664,23.231178283691406,31.93739891052246,45.58576965332031,26.26911735534668,30.9785213470459,79.81785583496094
2019-08-20,16.433937072753906,24.017053604125977,21.777584075927734,45.872535705566406,22.399036407470703,23.07635498046875,32.1430778503418,46.15427780151367,26.359359741210938,31.06612777709961,79.38036346435547
2019-08-21,16.457000732421875,24.24248504638672,22.11640739440918,46.02748107910156,22.53557586669922,23.26214599609375,32.686058044433594,46.73154067993164,27.055580139160156,31.88152503967285,80.09461975097656
2019-08-22,16.4031925201416,24.14710807800293,22.040176391601562,45.958614349365234,22.30801010131836,23.32407569885254,32.35697937011719,45.78693389892578,26.372255325317383,31.42328643798828,79.85355377197266
2019-08-23,16.203340530395508,23.774280548095703,21.760648727416992,45.44213104248047,22.02192497253418,23.060876846313477,32.06081008911133,45.19218826293945,25.469758987426758,30.87744140625,78.13935852050781
2019-08-26,16.31095314025879,23.999711990356445,21.955467224121094,46.104949951171875,22.16496467590332,23.091838836669922,32.332298278808594,45.288394927978516,25.070077896118164,31.241342544555664,78.96075439453125
2019-08-27,16.29557991027832,24.017053604125977,21.980876922607422,45.958614349365234,22.138961791992188,23.161510467529297,32.52151870727539,45.39335250854492,25.16033172607422,30.904394149780273,78.78217315673828
2019-08-28,16.341697692871094,24.155780792236328,21.9300537109375,45.94139862060547,22.25599479675293,23.192476272583008,32.74365234375,45.82191848754883,25.437532424926758,31.295249938964844,79.08573913574219
2019-08-29,16.480060577392578,24.398550033569336,22.184171676635742,46.26850509643555,22.522571563720703,23.355039596557617,33.41826248168945,46.13678741455078,25.972578048706055,31.409801483154297,80.01427459716797
2019-08-30,16.664535522460938,24.44190216064453,22.23499298095703,46.41484451293945,22.69162368774414,23.48664093017578,34.150474548339844,46.582847595214844,26.423830032348633,32.265647888183594,80.21068572998047
2019-09-03,16.57998275756836,24.268495559692383,22.141817092895508,46.440670013427734,22.62010383605957,23.47115707397461,33.6979866027832,46.41667175292969,25.740509033203125,32.48801803588867,79.71961975097656
2019-09-04,16.764461517333984,24.545942306518555,22.480634689331055,46.69891357421875,22.977703094482422,23.865955352783203,34.43842315673828,47.45747756958008,26.552757263183594,33.12147903442383,80.666015625
2019-09-05,16.964311599731445,24.797391891479492,22.65851402282715,47.03463363647461,23.159757614135742,23.92788314819336,34.800411224365234,48.21841049194336,26.823503494262695,33.43146514892578,81.57670593261719
2019-09-06,17.08730125427246,24.823400497436523,22.751691818237305,47.19818115234375,23.257287979125977,23.982072830200195,35.12950134277344,48.463314056396484,27.158716201782227,33.519073486328125,81.71061706542969
2019-09-09,17.141103744506836,24.832069396972656,22.904163360595703,47.50807571411133,23.309301376342773,23.92014503479004,35.0307731628418,48.7956657409668,27.158716201782227,33.55950164794922,81.73741912841797
2019-09-10,17.141103744506836,24.936115264892578,23.005807876586914,47.64580154418945,23.31580352783203,24.06722640991211,34.956722259521484,49.18925094604492,27.081361770629883,33.74818801879883,81.9427490234375
2019-09-11,17.217973709106445,24.988140106201172,23.07356834411621,48.06760025024414,23.426334381103516,24.245269775390625,35.12126922607422,49.67904281616211,27.468151092529297,34.219905853271484,82.21058654785156
2019-09-12,17.28714942932129,24.996809005737305,23.217565536499023,48.38609313964844,23.62789535522461,24.260751724243164,35.21176528930664,50.238807678222656,27.713109970092773,34.76575469970703,82.6480941772461
2019-09-13,17.34095573425293,25.005481719970703,23.30227279663086,48.95423126220703,23.809946060180664,24.485248565673828,35.499717712402344,50.75483703613281,27.255413055419922,35.21052169799805,82.63023376464844
2019-09-16,17.28714942932129,25.12686538696289,23.04815673828125,48.69599533081055,23.738426208496094,24.33042335510254,35.41743850708008,49.836483001708984,27.300537109375,35.48681640625,82.39807891845703
2019-09-17,17.394763946533203,25.25692367553711,23.141334533691406,48.87675476074219,23.7839412689209,24.46202278137207,36.042694091796875,49.88895797729492,27.629310607910156,34.94770812988281,82.67485809326172
2019-09-18,17.264087677001953,25.170217514038086,23.115921020507812,48.77346420288086,23.7839412689209,24.40009117126465,35.68069839477539,49.810237884521484,27.468151092529297,34.637725830078125,82.72843170166016
2019-09-19,17.310211181640625,25.282934188842773,23.149805068969727,49.13500213623047,23.731924057006836,24.531692504882812,35.614891052246094,49.74026870727539,27.023344039916992,34.1053466796875,82.82662200927734
2019-09-20,17.202594757080078,25.282934188842773,23.02274513244629,49.023101806640625,23.640897750854492,24.431058883666992,35.97688293457031,49.96767807006836,27.203840255737305,33.775150299072266,82.47844696044922
2019-09-23,17.217973709106445,25.27426528930664,22.887218475341797,48.97145080566406,23.705917358398438,24.392353057861328,35.869930267333984,50.15134048461914,26.97177505493164,33.63362503051758,82.3355941772461
2019-09-24,17.156475067138672,25.17888832092285,22.734752655029297,49.04032516479492,23.582382202148438,24.206565856933594,35.507930755615234,49.89769744873047,26.862180709838867,33.59320068359375,81.84454345703125
2019-09-25,17.156475067138672,25.15287971496582,22.582284927368164,49.23830032348633,23.60839080810547,24.113670349121094,35.38452911376953,49.416656494140625,27.049131393432617,32.953006744384766,82.07667541503906
2019-09-26,17.125730514526367,25.109525680541992,22.65004539489746,49.324378967285156,23.68641471862793,24.30720329284668,35.25290298461914,49.42539978027344,27.242523193359375,33.00691223144531,82.1213150024414
2019-09-27,17.133419036865234,25.040163040161133,22.71780776977539,48.61851501464844,23.458845138549805,24.299457550048828,34.9896354675293,48.480796813964844,27.22318458557129,32.27912139892578,81.76419067382812
2019-09-30,17.102672576904297,25.05750274658203,22.79404640197754,48.84233093261719,23.640897750854492,24.33042335510254,35.14595413208008,49.27671432495117,27.158716201782227,31.975873947143555,81.9427490234375
2019-10-01,16.887447357177734,24.736698150634766,22.57381248474121,48.62712097167969,23.68641471862793,24.059486389160156,34.84977722167969,49.01432800292969,26.868629455566406,31.82761573791504,81.08564758300781
2019-10-02,16.487743377685547,24.346527099609375,22.06558609008789,48.024559020996094,23.530364990234375,23.370519638061523,34.35614776611328,48.122196197509766,26.2884578704834,31.659149169921875,79.47857666015625
2019-10-03,16.595359802246094,24.346527099609375,22.17569923400879,48.26557922363281,23.712421417236328,23.502120971679688,34.833316802978516,48.75193405151367,26.5592041015625,32.07021713256836,80.26424407958984
2019-10-04,16.77214813232422,24.528610229492188,22.395933151245117,48.825111389160156,23.86846351623535,23.680164337158203,35.902835845947266,49.08429718017578,27.14582633972168,32.649757385253906,81.05886840820312
2019-10-07,16.702966690063477,24.467910766601562,22.362049102783203,48.51521682739258,23.89447021484375,23.65694236755371,35.37630844116211,48.78691864013672,26.34646987915039,32.43411636352539,81.01422119140625
2019-10-08,16.57998275756836,24.24248504638672,22.11640739440918,48.23114776611328,23.913978576660156,23.355039596557617,34.956722259521484,49.01432800292969,26.159526824951172,32.14434051513672,79.85355377197266
2019-10-09,16.679908752441406,24.398550033569336,22.370519638061523,48.652950286865234,23.952991485595703,23.447933197021484,35.06367492675781,49.29420852661133,26.514081954956055,32.29933547973633,80.33568572998047
2019-10-10,16.818269729614258,24.545942306518555,22.50604820251465,48.59269714355469,24.20656394958496,23.788543701171875,35.77943420410156,49.85396957397461,26.539857864379883,32.953006744384766,81.04100036621094
2019-10-11,17.018115997314453,24.754039764404297,23.115921020507812,49.19526290893555,24.440631866455078,24.492984771728516,36.297733306884766,50.571170806884766,27.22318458557129,33.95036315917969,82.09452819824219
2019-10-14,16.879758834838867,24.676002502441406,23.158275604248047,48.98005676269531,24.41462516784668,24.291717529296875,36.3388671875,50.273799896240234,27.158716201782227,33.72797393798828,81.95167541503906
2019-10-15,17.09498405456543,24.762710571289062,23.44626808166504,49.711753845214844,24.635690689086914,24.64006805419922,36.39645767211914,50.85979461669922,26.945985794067383,33.75492858886719,82.77307891845703
2019-10-16,17.156475067138672,24.771379470825195,23.58180046081543,49.60844802856445,24.622684478759766,24.609102249145508,36.66795349121094,50.85979461669922,27.306987762451172,33.93014144897461,82.59451293945312
2019-10-17,17.179540634155273,24.87542724609375,23.71732521057129,49.47932815551758,24.785232543945312,24.779409408569336,36.56100082397461,51.087196350097656,27.100704193115234,34.294036865234375,83.08556365966797
2019-10-18,17.156475067138672,24.788719177246094,23.793561935424805,49.3846321105957,24.68120002746582,24.77166748046875,36.47050476074219,50.37000274658203,27.345664978027344,34.33447265625,82.71949768066406
2019-10-21,17.302520751953125,24.970800399780273,24.005319595336914,49.73756408691406,24.89576530456543,24.88004493713379,36.85717010498047,51.2708740234375,27.590625762939453,34.657936096191406,83.21055603027344
2019-10-22,17.302520751953125,24.944786071777344,23.895204544067383,49.79782485961914,24.980287551879883,24.849077224731445,36.75022506713867,51.67321014404297,28.267505645751953,35.01509475708008,82.844482421875
2019-10-23,17.38707733154297,24.927444458007812,24.056142807006836,50.00442123413086,24.960783004760742,25.081315994262695,36.840721130371094,51.6207275390625,28.66073226928711,34.671424865722656,83.24625396728516
2019-10-24,17.394763946533203,24.979467391967773,24.106964111328125,50.030242919921875,25.12333106994629,25.174211502075195,36.85717010498047,51.6469612121582,28.448001861572266,34.260345458984375,83.46947479248047
2019-10-25,17.448570251464844,25.066171646118164,24.06461524963379,50.00442123413086,25.17534637451172,25.127761840820312,36.82426071166992,51.73442459106445,28.796104431152344,34.34120559692383,83.67483520507812
2019-10-28,17.525432586669922,25.05750274658203,24.21708106994629,50.1507568359375,25.22736358642578,25.236133575439453,37.12866973876953,52.075538635253906,29.092639923095703,34.85336685180664,84.01406860351562
2019-10-29,17.47931671142578,25.01415252685547,24.149320602416992,50.365962982177734,25.17534637451172,25.15098762512207,36.99703598022461,51.86561965942383,28.763872146606445,34.4355583190918,84.1123046875
2019-10-30,17.463939666748047,24.996809005737305,24.242494583129883,50.503692626953125,25.42241859436035,25.32903480529785,36.92299270629883,51.94434356689453,29.189340591430664,33.66732406616211,84.42478942871094
2019-10-31,17.31789779663086,24.953460693359375,24.18320083618164,50.51229476928711,25.24036407470703,25.181949615478516,36.45405578613281,51.54200744628906,28.75098419189453,33.42472839355469,84.03194427490234
2019-11-01,17.494686126708984,25.170217514038086,24.37802505493164,51.01156234741211,25.539453506469727,25.298067092895508,37.13689041137695,52.556583404541016,29.066856384277344,33.70101547241211,84.91580963134766
2019-11-04,17.440881729125977,25.352296829223633,24.623666763305664,51.355892181396484,25.994583129882812,25.40644073486328,37.04639434814453,53.04637908935547,29.021728515625,34.34794998168945,85.1926040649414
2019-11-05,17.47162628173828,25.343624114990234,24.52202033996582,51.42475891113281,26.157135009765625,25.452890396118164,36.68440246582031,53.68485641479492,29.170001983642578,34.812923431396484,85.21939849853516
2019-11-06,17.3717041015625,25.40432357788086,24.538959503173828,51.31284713745117,26.18964195251465,25.429664611816406,37.09574508666992,53.14258575439453,28.583372116088867,34.85336685180664,85.24617767333984
2019-11-07,17.556180953979492,25.525705337524414,24.65755271911621,51.6141357421875,26.267663955688477,25.383220672607422,37.391937255859375,53.798561096191406,28.705856323242188,34.99488067626953,85.40687561035156
2019-11-08,17.502376556396484,25.543045043945312,24.581314086914062,51.588314056396484,26.111623764038086,25.236133575439453,37.03817367553711,53.43996047973633,27.73244857788086,34.442298889160156,85.49617004394531
2019-11-11,17.602296829223633,25.525705337524414,24.505081176757812,51.45918655395508,25.78652572631836,25.236133575439453,37.005252838134766,52.72275924682617,28.119232177734375,34.28055953979492,85.44258880615234
2019-11-12,17.571548461914062,25.543045043945312,24.513551712036133,51.57109451293945,25.728008270263672,25.282583236694336,36.19077682495117,52.72275924682617,27.584184646606445,34.08513641357422,85.57652282714844
2019-11-13,17.38707733154297,25.621082305908203,24.462724685668945,51.39031982421875,25.70199966430664,25.251619338989258,36.01801300048828,52.24171447753906,27.33277130126953,34.06491470336914,85.53186798095703
2019-11-14,17.3793888092041,25.621082305908203,24.411901473999023,51.16651916503906,25.66948890686035,25.205171585083008,36.26482391357422,52.775238037109375,27.384342193603516,34.28730010986328,85.41580200195312
2019-11-15,17.53312110900879,25.777149200439453,24.598257064819336,51.46780014038086,25.851545333862305,25.26710319519043,36.774906158447266,53.82479476928711,27.73244857788086,34.5029411315918,86.13899230957031
2019-11-18,17.47931671142578,25.803159713745117,24.572843551635742,51.51083755493164,26.00109100341797,25.34450912475586,36.4869499206543,53.4661979675293,27.210289001464844,34.48272705078125,86.05864715576172
2019-11-19,17.563865661621094,25.655763626098633,24.598257064819336,51.347286224365234,26.072608947753906,25.367738723754883,36.49518585205078,53.1163444519043,27.074913024902344,34.71858215332031,86.13007354736328
2019-11-20,17.24871826171875,25.551713943481445,24.43731689453125,51.19233703613281,25.962080001831055,25.11227798461914,36.35531997680664,52.50410079956055,27.049131393432617,34.988136291503906,85.7193832397461
2019-11-21,17.22566032409668,25.603740692138672,24.462724685668945,51.24398422241211,25.864545822143555,25.089052200317383,36.31418991088867,51.55949783325195,27.571290969848633,34.92075729370117,85.50508880615234
2019-11-22,17.302520751953125,25.508363723754883,24.454256057739258,51.27841567993164,25.851545333862305,25.236133575439453,36.58568572998047,51.611976623535156,27.822704315185547,34.65119552612305,85.68365478515625
2019-11-25,17.38707733154297,25.629749298095703,24.564376831054688,51.631343841552734,26.00758934020996,25.584489822387695,36.536312103271484,52.451622009277344,27.532609939575195,34.4355583190918,86.3622055053711
2019-11-26,17.440881729125977,25.681774139404297,24.615192413330078,51.54526901245117,26.05960464477539,25.52256202697754,35.97688293457031,52.486602783203125,27.139379501342773,33.83579635620117,86.43360137939453
2019-11-27,17.656105041503906,25.71645164489746,24.632137298583984,51.6485710144043,26.13112449645996,25.69286346435547,36.009788513183594,52.320430755615234,27.139379501342773,33.6740608215332,86.91572570800781
2019-11-29,17.548494338989258,25.690441131591797,24.513551712036133,51.15790557861328,25.649986267089844,25.49159812927246,35.80411911010742,51.139678955078125,27.377901077270508,33.39102554321289,86.38897705078125
2019-12-02,17.47162628173828,25.525705337524414,24.284849166870117,51.05461502075195,25.610971450805664,25.313549041748047,35.45857238769531,50.816062927246094,27.764680862426758,33.108001708984375,85.84437561035156
2019-12-03,17.164161682128906,25.3349552154541,24.37802505493164,51.252593994140625,25.649986267089844,25.011648178100586,35.22821807861328,50.230064392089844,27.79691505432129,33.06757354736328,85.36224365234375
2019-12-04,17.294836044311523,25.517038345336914,24.564376831054688,51.8293342590332,25.864545822143555,25.26710319519043,35.43389129638672,50.326271057128906,28.112791061401367,33.38429641723633,85.94255065917969
2019-12-05,17.264087677001953,25.491025924682617,24.462724685668945,51.622745513916016,26.05960464477539,25.174211502075195,35.549076080322266,50.16008758544922,28.370641708374023,33.114742279052734,86.0497055053711
2019-12-06,17.417821884155273,25.560382843017578,24.52202033996582,52.216697692871094,26.13112449645996,25.468374252319336,35.37630844116211,50.84230041503906,28.821895599365234,33.22930145263672,86.69253540039062
2019-12-09,17.333267211914062,25.560382843017578,24.3610782623291,51.92401885986328,26.05960464477539,25.48385238647461,35.47502899169922,50.46621322631836,28.744535446166992,32.84518051147461,86.38005828857422
2019-12-10,17.279462814331055,25.560382843017578,24.42037582397461,51.8982048034668,26.06610679626465,25.49159812927246,36.07560729980469,50.929771423339844,28.628501892089844,32.771060943603516,86.3443374633789
2019-12-11,17.487001419067383,25.655763626098633,24.632137298583984,52.01009750366211,26.469223022460938,25.538043975830078,36.70907974243164,51.550750732421875,28.957265853881836,33.49211120605469,86.7371826171875
2019-12-12,17.594608306884766,25.69911003112793,24.84389877319336,52.13922882080078,27.106407165527344,25.700607299804688,37.14512634277344,53.37873458862305,29.52455711364746,33.94362258911133,87.27288055419922
2019-12-13,17.57924461364746,25.733793258666992,24.91166114807129,52.276954650878906,27.021883010864258,26.39731216430664,37.63874435424805,53.509925842285156,29.453641891479492,34.36143112182617,87.66570281982422
2019-12-16,17.897666931152344,25.930625915527344,25.157304763793945,52.51737976074219,27.250532150268555,26.94808578491211,37.941078186035156,53.90138244628906,29.745479583740234,35.01101303100586,88.37316131591797
2019-12-17,17.732959747314453,25.965774536132812,24.95401382446289,52.404144287109375,27.43717384338379,26.475317001342773,37.96599578857422,54.848751068115234,29.725894927978516,35.382205963134766,88.11180114746094
2019-12-18,17.740806579589844,25.956987380981445,24.784605026245117,52.19507598876953,27.53716468811035,26.506834030151367,38.4643440246582,54.83980941772461,30.15679931640625,36.206260681152344,88.0577392578125
2019-12-19,17.725122451782227,25.983348846435547,24.793075561523438,52.1428108215332,27.417179107666016,26.428035736083984,38.2567024230957,54.99174880981445,30.3918399810791,36.10974884033203,88.35513305664062
2019-12-20,17.732959747314453,26.036067962646484,24.818483352661133,52.107967376708984,27.343852996826172,26.412281036376953,38.0739631652832,55.340309143066406,30.195966720581055,36.10233688354492,88.7787094116211
2019-12-23,17.74864959716797,26.036067962646484,24.84389877319336,52.06441879272461,27.363847732543945,26.475317001342773,37.93276596069336,55.12580871582031,30.489770889282227,35.96870422363281,88.75169372558594
2019-12-24,17.764333724975586,26.06243133544922,24.82695960998535,51.85536193847656,27.23719596862793,26.53835678100586,37.79986572265625,54.705745697021484,30.463651657104492,36.12459945678711,88.79673767089844
2019-12-26,17.874134063720703,26.203022003173828,24.91166114807129,51.994728088378906,27.397178649902344,26.68018341064453,38.040740966796875,55.05430603027344,31.136131286621094,36.525489807128906,89.13018798828125
2019-12-27,17.842763900756836,26.194236755371094,25.038715362548828,51.89891815185547,27.53716468811035,26.77474021911621,38.12379837036133,55.849735260009766,30.888029098510742,36.681396484375,89.28338623046875
2019-12-30,17.819232940673828,26.10636329650879,24.742252349853516,51.43723678588867,27.343852996826172,26.640790939331055,37.35966491699219,55.32242965698242,30.879518508911133,36.36958694458008,88.61648559570312
2019-12-31,17.756492614746094,26.2645320892334,24.903194427490234,51.602745056152344,27.417179107666016,26.869291305541992,37.401187896728516,55.58161544799805,31.0430850982666,36.414127349853516,89.02204132080078
2020-01-02,17.834922790527344,26.34361457824707,25.309772491455078,52.1428108215332,27.770471572875977,26.9086971282959,38.42280197143555,55.56373977661133,31.671131134033203,36.73335647583008,89.69795227050781
2020-01-03,17.646686553955078,26.211809158325195,24.82695960998535,51.567901611328125,27.370513916015625,26.664426803588867,38.14040756225586,54.4376335144043,31.396366119384766,35.7459831237793,88.94092559814453
2020-01-06,17.740806579589844,26.34361457824707,24.860837936401367,51.750823974609375,27.190536499023438,26.829896926879883,38.31483840942383,54.241004943847656,30.912233352661133,35.924156188964844,89.44561004638672
2020-01-07,17.71727752685547,26.369977951049805,24.818483352661133,51.83793640136719,27.063879013061523,26.65654945373535,37.95768737792969,54.821937561035156,30.892606735229492,35.5455322265625,89.21128845214844
2020-01-08,17.819232940673828,26.34361457824707,25.047189712524414,51.84664535522461,27.070547103881836,26.68018341064453,38.29822540283203,54.857688903808594,30.755224227905273,35.901878356933594,89.463623046875
2020-01-09,17.82707977294922,26.387554168701172,25.27589225769043,52.212493896484375,27.290523529052734,26.69594383239746,38.32314682006836,55.37605285644531,30.519702911376953,35.61235046386719,89.97731018066406
2020-01-10,17.921192169189453,26.369977951049805,25.208127975463867,51.84664535522461,27.397178649902344,26.49896240234375,38.53078842163086,56.028480529785156,30.271087646484375,35.73855972290039,89.61683654785156
2020-01-13,18.062368392944336,26.510570526123047,25.27589225769043,52.1428108215332,27.870464324951172,26.569873809814453,38.796573638916016,57.27971649169922,30.53277587890625,35.7534065246582,90.19361877441406
2020-01-14,18.172168731689453,26.528148651123047,25.258955001831055,52.16022872924805,27.83713150024414,26.664426803588867,38.555702209472656,57.092037200927734,30.630918502807617,35.81279754638672,90.01336669921875
2020-01-15,18.258440017700195,26.668737411499023,25.18271827697754,51.96860122680664,27.503835678100586,26.664426803588867,38.43942642211914,56.45747756958008,29.930892944335938,35.849918365478516,90.13954162597656
2020-01-16,18.46236228942871,26.809329986572266,25.24201011657715,52.00343322753906,27.663820266723633,26.758981704711914,39.20356369018555,57.145660400390625,30.015945434570312,35.96870422363281,90.86052703857422
2020-01-17,18.446672439575195,26.870838165283203,25.284360885620117,52.03828430175781,27.69048309326172,26.861417770385742,39.8763313293457,57.23503494262695,30.591665267944336,36.0280876159668,91.16693115234375
2020-01-21,18.297653198242188,26.879629135131836,25.258955001831055,51.7595329284668,27.223865509033203,26.577747344970703,39.544105529785156,55.992740631103516,29.87855339050293,35.256004333496094,90.68930053710938
2020-01-22,18.399614334106445,26.739036560058594,25.23354148864746,51.994728088378906,27.477170944213867,26.68806266784668,39.6769905090332,57.10096740722656,30.4281063079834,35.820220947265625,90.85150146484375
2020-01-23,18.383930206298828,26.84447479248047,25.098011016845703,52.05570602416992,27.16387176513672,26.577747344970703,39.36968231201172,56.52898025512695,30.787931442260742,35.285701751708984,90.77941131591797
2020-01-24,18.23491096496582,26.721460342407227,25.098011016845703,51.85536193847656,27.05055046081543,26.522594451904297,38.937774658203125,56.21616744995117,30.415023803710938,35.345088958740234,90.17559814453125
2020-01-27,17.842763900756836,26.387554168701172,24.530492782592773,50.92329406738281,26.157306671142578,25.963150024414062,37.841400146484375,54.258880615234375,29.27667236328125,33.90486145019531,88.634521484375
2020-01-28,17.99178123474121,26.58965492248535,24.725313186645508,51.37626266479492,26.35728645324707,26.14437484741211,38.821495056152344,54.21419143676758,29.94397735595703,33.8528938293457,89.45462036132812
2020-01-29,17.91335105895996,26.44906234741211,24.691429138183594,51.21075439453125,26.510604858398438,26.128618240356445,39.22847366333008,54.249942779541016,29.4140625,34.283477783203125,89.48165893554688
2020-01-30,17.905508041381836,26.492998123168945,24.581314086914062,51.141075134277344,25.790678024291992,26.112857818603516,38.84640884399414,53.043399810791016,29.31592559814453,34.164695739746094,89.61683654785156
2020-01-31,17.458457946777344,26.07121467590332,24.1662654876709,50.304840087890625,25.304059982299805,25.7188777923584,38.09058380126953,51.524044036865234,28.628978729248047,33.15504455566406,88.07577514648438
2020-02-03,17.4976749420166,26.027284622192383,24.21708106994629,50.688114166259766,25.66402244567871,25.521888732910156,38.82979965209961,52.35521697998047,29.067317962646484,33.37776565551758,88.55340576171875
2020-02-04,17.803550720214844,26.369977951049805,24.649078369140625,51.45466995239258,26.483938217163086,25.923749923706055,39.236785888671875,53.83882522583008,29.257041931152344,34.15727615356445,90.13052368164062
2020-02-05,17.91335105895996,26.56329345703125,24.92860221862793,51.91632843017578,26.630590438842773,26.081336975097656,39.16203689575195,54.33931350708008,29.433677673339844,34.61012268066406,90.96868133544922
2020-02-06,17.944721221923828,26.68631362915039,25.004838943481445,52.30832290649414,26.703920364379883,26.010421752929688,38.63876724243164,55.107933044433594,28.8972110748291,34.424530029296875,91.29310607910156
2020-02-07,17.71727752685547,26.47542381286621,24.767663955688477,51.80309295654297,26.203969955444336,25.711000442504883,38.39789581298828,54.026512145996094,28.3803768157959,33.741539001464844,90.68930053710938
2020-02-10,17.780017852783203,26.56329345703125,24.767663955688477,51.74211502075195,26.510604858398438,25.805551528930664,38.36466979980469,54.53594207763672,28.125225067138672,33.89743423461914,91.14888763427734
2020-02-11,17.905508041381836,26.739036560058594,24.9709529876709,52.00343322753906,26.723915100097656,26.0183048248291,39.19525146484375,55.340309143066406,28.727121353149414,34.32059860229492,91.57247161865234
2020-02-12,18.13295555114746,26.897201538085938,25.157304763793945,51.750823974609375,27.11054229736328,26.215293884277344,39.75175476074219,56.21616744995117,28.857959747314453,34.96648025512695,92.03211212158203
2020-02-13,18.030996322631836,26.8005428314209,24.95401382446289,51.297874450683594,26.9505558013916,26.057701110839844,39.49427032470703,55.25986862182617,28.57010269165039,34.44680404663086,91.73470306396484
2020-02-14,18.078054428100586,26.897201538085938,24.9709529876709,50.91459274291992,26.877229690551758,25.93950653076172,39.62715530395508,55.49224090576172,28.694414138793945,34.69921875,91.85185241699219
2020-02-18,18.023149490356445,26.818117141723633,24.742252349853516,50.1567497253418,26.47727394104004,25.813430786132812,39.43613052368164,54.58956527709961,28.34111785888672,34.498775482177734,91.59049987792969
2020-02-19,18.117267608642578,27.046585083007812,24.987895965576172,50.06964111328125,26.830570220947266,25.90010643005371,39.50257110595703,54.58062744140625,28.727121353149414,34.61754608154297,91.95096588134766
2020-02-20,17.976093292236328,27.011432647705078,24.852371215820312,49.74734878540039,26.257293701171875,25.79767417907715,38.8713264465332,52.918270111083984,28.0270938873291,33.77123260498047,91.56346130371094
2020-02-21,17.834922790527344,26.91477394104004,24.682958602905273,49.329227447509766,26.130645751953125,25.766159057617188,38.71352005004883,52.16753005981445,27.778484344482422,33.838043212890625,90.92359924316406
2020-02-24,17.07415199279785,26.290895462036133,23.63262367248535,47.665470123291016,25.410717010498047,24.72605323791504,37.401187896728516,49.44163131713867,26.391529083251953,32.152828216552734,87.76934814453125
2020-02-25,16.83102035522461,25.7373046875,23.098981857299805,47.58707046508789,25.37738609313965,24.198122024536133,36.79486846923828,49.414817810058594,26.018617630004883,31.358469009399414,85.41718292236328
2020-02-26,16.6192569732666,25.48248291015625,23.02274513244629,47.82225799560547,25.637357711791992,24.135086059570312,36.42941665649414,50.01362228393555,25.645708084106445,32.078590393066406,85.1648178100586
2020-02-27,16.227115631103516,24.568626403808594,22.43828582763672,46.18462371826172,25.08408546447754,23.221059799194336,34.99250030517578,49.06625747680664,24.71670150756836,30.200347900390625,81.9835433959961
2020-02-28,15.780064582824707,24.24350929260254,22.209583282470703,46.13236618041992,24.9440975189209,23.08710479736328,34.56890106201172,49.11988067626953,25.096153259277344,29.90338897705078,80.81197357177734
2020-03-02,16.015348434448242,24.75316047668457,22.556873321533203,46.71599197387695,25.817340850830078,23.26833724975586,35.71510696411133,50.237056732177734,25.770009994506836,30.779403686523438,84.0202865600586
2020-03-03,15.858489990234375,24.45439910888672,22.268877029418945,46.11494827270508,25.71735191345215,22.97679328918457,35.74002456665039,49.62931442260742,25.181211471557617,30.497299194335938,82.12774658203125
2020-03-04,16.28985595703125,24.902542114257812,22.971925735473633,47.11668014526367,26.16397476196289,23.898700714111328,36.45432662963867,51.461483001708984,25.37093162536621,31.16544532775879,85.25495147705078
2020-03-05,15.811433792114258,24.51590919494629,22.25193214416504,46.26302719116211,26.00398826599121,23.20530128479004,34.99250030517578,50.335365295410156,23.98396873474121,30.088979721069336,82.66847229003906
2020-03-06,15.513402938842773,23.988679885864258,22.031700134277344,45.81877899169922,25.590696334838867,22.803443908691406,33.70509719848633,49.638248443603516,22.96337127685547,29.66582489013672,81.37974548339844
2020-03-09,13.678145408630371,21.009868621826172,20.125844955444336,43.484283447265625,24.517475128173828,20.65232276916504,30.02561378479004,46.903411865234375,19.48942756652832,26.718542098999023,74.63865661621094
2020-03-10,14.854593276977539,21.528305053710938,20.786540985107422,44.78219223022461,25.19074058532715,21.440277099609375,31.329633712768555,48.90538787841797,21.465198516845703,28.685871124267578,78.00016784667969
2020-03-11,13.693831443786621,20.579303741455078,19.626087188720703,43.26650619506836,24.464149475097656,20.17167091369629,29.751514434814453,46.510169982910156,19.41746711730957,27.045196533203125,74.1159439086914
2020-03-12,11.858575820922852,17.837736129760742,17.135765075683594,39.02436065673828,22.124385833740234,18.15450096130371,27.517244338989258,41.70185470581055,16.18558120727539,23.03630256652832,66.38350677490234
2020-03-13,13.536972045898438,19.770893096923828,17.97434425354004,40.304840087890625,23.290935516357422,18.926698684692383,28.538862228393555,44.44563293457031,19.038009643554688,24.907114028930664,71.7637710571289
2020-03-16,11.356624603271484,17.52140998840332,15.865196228027344,37.6480598449707,20.757862091064453,16.657384872436523,24.18660545349121,37.420841217041016,14.6416015625,21.655454635620117,63.59876251220703
2020-03-17,12.203666687011719,17.187496185302734,16.441186904907227,39.4947395324707,21.597776412963867,17.374427795410156,26.072031021118164,40.119930267333984,16.55194854736328,22.731918334960938,67.20361328125
2020-03-18,10.760558128356934,16.361513137817383,15.272263526916504,38.658504486083984,19.904617309570312,15.948226928710938,23.879289627075195,36.348358154296875,13.993921279907227,19.599042892456055,63.46358871459961
2020-03-19,10.940946578979492,16.70421028137207,15.373908996582031,39.198577880859375,19.65131187438965,16.239770889282227,23.754703521728516,34.85580825805664,14.523844718933105,19.04967498779297,63.94120788574219
2020-03-20,10.493898391723633,16.484533309936523,15.45861530303955,39.29439163208008,20.531219482421875,15.806394577026367,22.4589900970459,36.26791763305664,14.608893394470215,19.02740478515625,61.85038375854492
2020-03-23,10.054692268371582,15.509163856506348,15.746610641479492,38.88498306274414,20.36457061767578,15.491212844848633,20.864269256591797,34.82899856567383,13.621011734008789,18.173656463623047,60.73289489746094
2020-03-24,11.286036491394043,17.503826141357422,17.440706253051758,41.585330963134766,21.737762451171875,17.279874801635742,22.18489646911621,39.163631439208984,15.2631196975708,20.007354736328125,66.25733947753906
2020-03-25,11.756616592407227,18.523128509521484,17.88964080810547,42.36929702758789,22.351030349731445,17.996915817260742,24.01218032836914,41.272857666015625,16.38184928894043,21.818782806396484,67.44692993164062
2020-03-26,12.297780990600586,19.138225555419922,18.618101119995117,43.763031005859375,22.72432518005371,19.115812301635742,25.208223342895508,42.75646209716797,17.127668380737305,22.95463752746582,71.21401977539062
2020-03-27,11.372312545776367,18.15407371520996,17.88964080810547,43.71076202392578,21.631105422973633,18.39876937866211,23.189905166625977,40.495304107666016,15.564065933227539,20.898221969604492,69.05110931396484
2020-03-30,12.352684020996094,18.637361526489258,18.22846031188965,44.24211883544922,22.131053924560547,18.729713439941406,22.99056625366211,41.36223220825195,15.701455116271973,20.742321014404297,70.86255645751953
2020-03-31,12.187979698181152,19.199731826782227,18.194576263427734,43.02261734008789,21.977739334106445,18.816387176513672,23.547056198120117,41.93421936035156,15.413591384887695,21.068967819213867,70.231689453125
2020-04-01,11.772303581237793,18.2683048248291,17.2628231048584,40.97557830810547,21.457788467407227,17.91023826599121,22.15997886657715,39.04744338989258,14.76590633392334,20.252344131469727,67.0504150390625
2020-04-02,12.164450645446777,18.60221290588379,17.559293746948242,41.498226165771484,22.051063537597656,18.31997299194336,22.101839065551758,41.00473403930664,15.086480140686035,20.72747230529785,68.42926788330078
2020-04-03,11.631128311157227,18.46162223815918,17.30517578125,40.56616973876953,21.691099166870117,17.768400192260742,21.262950897216797,40.3523063659668,14.255611419677734,19.643583297729492,67.38385772705078
2020-04-06,12.611501693725586,19.419410705566406,18.46563148498535,42.961639404296875,22.717660903930664,18.564239501953125,22.48390769958496,43.15864562988281,15.348173141479492,21.46243667602539,71.6375961303711
2020-04-07,12.258567810058594,19.56000328063965,18.609628677368164,43.423309326171875,22.850980758666992,18.690309524536133,22.799528121948242,43.63232421875,16.022024154663086,22.138011932373047,71.7637710571289
2020-04-08,12.360527038574219,19.981782913208008,18.838333129882812,43.31877899169922,23.05095863342285,19.005496978759766,23.181598663330078,43.86470413208008,16.780925750732422,22.12316131591797,73.47608184814453
2020-04-09,13.042863845825195,20.333263397216797,19.515974044799805,43.884979248046875,22.837648391723633,19.691017150878906,23.472305297851562,43.73957443237305,16.780925750732422,22.613134384155273,74.81887817382812
2020-04-13,12.995805740356445,20.385988235473633,19.21103286743164,43.702049255371094,22.950971603393555,19.470386505126953,23.463998794555664,43.49826431274414,16.65662384033203,22.642831802368164,74.18804168701172
2020-04-14,13.442852020263672,20.579303741455078,19.71079444885254,44.503448486328125,23.64423179626465,19.64373779296875,23.870983123779297,44.56181335449219,16.879060745239258,23.496578216552734,76.05355072021484
2020-04-15,12.78404426574707,19.8587646484375,18.795978546142578,44.059200286865234,23.337596893310547,18.816387176513672,22.608489990234375,43.20332717895508,16.466899871826172,22.405269622802734,74.33222198486328
2020-04-16,12.870317459106445,19.718172073364258,18.745159149169922,43.68463134765625,23.684226989746094,18.9345760345459,22.45068359375,43.748512268066406,16.14632797241211,21.9969539642334,74.53050994873047
2020-04-17,13.199722290039062,20.544151306152344,19.515974044799805,44.26824951171875,24.05752182006836,19.580703735351562,23.430774688720703,45.375118255615234,16.506153106689453,22.43496322631836,76.48614501953125
2020-04-20,12.729145050048828,20.42113494873047,19.21103286743164,43.58881378173828,23.73755645751953,19.17884635925293,22.924116134643555,44.3830680847168,16.3033447265625,22.034076690673828,75.39566802978516
2020-04-21,12.156607627868652,19.762104034423828,18.779037475585938,43.17940902709961,23.044292449951172,18.65091323852539,22.226425170898438,43.0871467590332,15.766875267028809,21.58121681213379,73.3228759765625
2020-04-22,12.697773933410645,20.227819442749023,19.00774574279785,43.92853927612305,23.424253463745117,19.100051879882812,22.425769805908203,44.36518859863281,16.329509735107422,21.93756675720215,74.7738265991211
2020-04-23,12.619341850280762,20.306900024414062,18.829862594604492,43.989501953125,23.424253463745117,19.1630859375,22.126754760742188,44.472442626953125,15.701455116271973,22.152856826782227,74.73778533935547
2020-04-24,12.870317459106445,20.570518493652344,19.067033767700195,44.3292350769043,23.570907592773438,19.28915786743164,22.18489646911621,44.52606964111328,14.497675895690918,22.613134384155273,75.56689453125
2020-04-27,13.027179718017578,20.9132080078125,19.465147018432617,44.938987731933594,24.130847930908203,19.604341506958008,22.77461051940918,45.74155044555664,15.11264705657959,23.400068283081055,76.70240020751953
2020-04-28,13.027179718017578,21.194398880004883,19.49903106689453,45.5922966003418,24.1641788482666,19.80921173095703,23.76300811767578,45.80411148071289,16.067819595336914,23.2515926361084,76.74748992919922
2020-04-29,13.442852020263672,22.064319610595703,20.32066535949707,46.3936882019043,24.78411293029785,20.486848831176758,25.191612243652344,47.0821533203125,16.964115142822266,24.506227493286133,78.77523040771484
2020-04-30,13.36442756652832,21.334989547729492,19.973377227783203,45.08706283569336,24.684123992919922,19.895885467529297,24.311193466186523,46.134796142578125,16.13978385925293,23.259016036987305,77.82894897460938
2020-05-01,12.697773933410645,20.860490798950195,19.541385650634766,44.29438781738281,24.004194259643555,19.375831604003906,23.33940887451172,44.543941497802734,15.426675796508789,22.576017379760742,75.81922912597656
2020-05-04,12.987964630126953,21.053802490234375,19.41432762145996,44.07661056518555,24.457477569580078,19.470386505126953,24.33611297607422,44.838871002197266,15.622944831848145,23.19219970703125,75.97245025634766
2020-05-05,13.113452911376953,21.203184127807617,19.42279815673828,44.503448486328125,24.457477569580078,19.494029998779297,24.66834259033203,45.0891227722168,15.492098808288574,23.325830459594727,76.38700866699219
2020-05-06,12.870317459106445,21.036231994628906,19.194091796875,44.163726806640625,24.337493896484375,19.352197647094727,24.38594627380371,44.838871002197266,15.158445358276367,23.11795997619629,75.88232421875
2020-05-07,13.08207893371582,21.211973190307617,19.592205047607422,44.82574462890625,24.61746597290039,19.627979278564453,24.635120391845703,45.64323806762695,14.67431640625,23.548547744750977,76.88267517089844
2020-05-08,13.270309448242188,21.581026077270508,19.973377227783203,45.5922966003418,24.857440948486328,19.974679946899414,25.631820678710938,46.2867317199707,15.322005271911621,24.261241912841797,78.41472625732422
2020-05-11,13.309526443481445,21.651325225830078,19.837848663330078,46.027835845947266,24.84410858154297,19.80133056640625,25.324504852294922,45.437679290771484,14.831330299377441,23.89746856689453,78.45978546142578
2020-05-12,12.980121612548828,21.22075843811035,19.532907485961914,45.42678451538086,24.64413070678711,19.588584899902344,24.81784439086914,45.02656173706055,14.46496295928955,23.54112434387207,76.9908218383789
2020-05-13,12.933062553405762,20.67596435546875,19.261857986450195,45.64455795288086,24.61746597290039,19.297039031982422,24.244747161865234,45.106998443603516,14.406084060668945,23.637632369995117,75.79219055175781
2020-05-14,12.956592559814453,20.781408309936523,19.083982467651367,44.96511459350586,24.757450103759766,19.068531036376953,24.552061080932617,45.4555549621582,14.805157661437988,23.59309196472168,76.15269470214844
2020-05-15,13.06639289855957,20.851699829101562,19.227975845336914,45.043514251708984,24.29749870300293,19.044891357421875,24.003875732421875,44.597564697265625,14.55655574798584,23.348102569580078,76.48614501953125
2020-05-18,13.646772384643555,21.624963760375977,20.371488571166992,46.16720962524414,24.884105682373047,19.919523239135742,25.274673461914062,46.39398193359375,15.511726379394531,24.409717559814453,78.9554672241211
2020-05-19,13.435014724731445,21.4404354095459,20.16819953918457,45.627140045166016,24.624130249023438,19.57282257080078,24.311193466186523,46.42972946166992,15.322005271911621,24.476533889770508,78.10831451416016
2020-05-20,13.835003852844238,21.686471939086914,20.735715866088867,46.31528854370117,24.770782470703125,19.974679946899414,25.224836349487305,47.0017204284668,15.570606231689453,25.122411727905273,79.54124450683594
2020-05-21,13.623246192932129,21.43164825439453,20.456195831298828,45.81877899169922,24.72412109375,19.832849502563477,25.23314094543457,46.46548080444336,16.224836349487305,25.374820709228516,78.80225372314453
2020-05-22,13.599715232849121,21.43164825439453,20.523956298828125,45.8797492980957,24.304162979125977,19.70677947998047,25.407564163208008,45.78623580932617,16.133241653442383,24.94423484802246,78.82027435302734
2020-05-26,14.242840766906738,22.125823974609375,21.294769287109375,47.43898391723633,24.83077621459961,20.100753784179688,26.420875549316406,47.3681526184082,17.395904541015625,25.129833221435547,80.28925323486328
2020-05-27,14.415385246276855,22.345504760742188,21.786056518554688,48.04874038696289,24.857440948486328,20.3528995513916,26.786333084106445,47.38602828979492,18.187519073486328,25.53072166442871,81.45182037353516
2020-05-28,14.501657485961914,22.30156707763672,21.802997589111328,48.67591857910156,24.65746307373047,20.5104923248291,26.52054786682129,47.02853012084961,17.61834144592285,25.204071044921875,81.60504913330078
2020-05-29,14.164408683776855,22.09067726135254,21.845354080200195,48.26651382446289,24.78411293029785,20.27410125732422,26.487319946289062,47.86865234375,17.788434982299805,24.921966552734375,81.74021911621094
2020-06-01,14.86243724822998,22.538814544677734,22.446754455566406,48.99821853637695,25.210737228393555,20.833553314208984,27.259763717651367,49.10200500488281,17.991249084472656,25.352554321289062,82.6053695678711
2020-06-02,15.097725868225098,22.943023681640625,22.726282119750977,49.21599197387695,25.524038314819336,21.077817916870117,28.015596389770508,50.29962158203125,19.038009643554688,26.45870590209961,83.3443832397461
2020-06-03,15.536928176879883,23.22420883178711,23.649560928344727,49.55570602416992,26.090646743774414,21.6293888092041,28.605314254760742,52.399906158447266,19.8819637298584,27.809850692749023,84.6691665649414
2020-06-04,15.513402938842773,23.10997200012207,23.64109230041504,48.99821853637695,25.824010848999023,21.487558364868164,27.99068260192871,51.36316680908203,19.842710494995117,27.30502700805664,84.34471893310547
2020-06-05,15.936920166015625,23.67234992980957,24.090028762817383,49.703792572021484,26.517269134521484,21.96820831298828,29.269779205322266,53.59751510620117,20.608158111572266,28.522544860839844,86.27332305908203
2020-06-08,16.203582763671875,23.971111297607422,24.42037582397461,50.43549728393555,26.69058609008789,22.307031631469727,30.125282287597656,53.82988739013672,21.766138076782227,28.84177017211914,87.32777404785156
2020-06-09,15.921238899230957,23.733858108520508,23.92061996459961,50.174171447753906,26.657258987426758,21.676668167114258,28.94585418701172,53.052337646484375,21.478281021118164,28.737842559814453,86.51665496826172
2020-06-10,15.929076194763184,23.531757354736328,23.810501098632812,50.14803695678711,26.99721908569336,21.660905838012695,28.47241973876953,53.64220428466797,20.791339874267578,28.426034927368164,86.20124053955078
2020-06-11,14.784004211425781,22.17854881286621,22.387462615966797,48.040035247802734,25.844005584716797,20.242586135864258,26.11355972290039,50.692867279052734,19.16231346130371,26.22114372253418,81.30762481689453
2020-06-12,15.058507919311523,22.565181732177734,22.71780776977539,48.90239334106445,26.2372989654541,20.67595863342285,27.45079803466797,51.372108459472656,19.8819637298584,27.11943244934082,82.48822784423828
2020-06-15,15.26867389678955,22.767553329467773,22.966047286987305,48.36857604980469,26.097312927246094,20.831960678100586,27.304065704345703,49.602500915527344,19.54897689819336,26.594200134277344,83.15187072753906
2020-06-16,15.427884101867676,23.0427188873291,23.21428108215332,49.299251556396484,26.2372989654541,21.103958129882812,27.48748207092285,50.74648666381836,19.42981719970703,26.458168029785156,84.53559875488281
2020-06-17,15.40400505065918,22.87407112121582,23.239959716796875,49.51874923706055,26.537269592285156,21.015962600708008,27.46247100830078,51.318477630615234,19.7144775390625,26.956947326660156,84.45367431640625
2020-06-18,15.324397087097168,22.9184513092041,23.09444236755371,49.43095016479492,26.543933868408203,20.775962829589844,26.76215362548828,51.15761184692383,19.456296920776367,26.480844497680664,84.38995361328125
2020-06-19,15.141298294067383,22.80306625366211,22.897565841674805,49.19389343261719,26.397279739379883,20.711957931518555,27.570852279663086,50.71967697143555,19.661518096923828,26.707557678222656,83.96208953857422
2020-06-22,15.483612060546875,23.0427188873291,23.282760620117188,49.527523040771484,26.723915100097656,20.983959197998047,27.46247100830078,51.58660125732422,19.635040283203125,27.092979431152344,84.65396881103516
2020-06-23,15.507493019104004,23.095979690551758,23.548114776611328,49.65922546386719,26.850568771362305,21.135957717895508,27.712587356567383,51.577667236328125,20.210979461669922,27.584211349487305,85.02720642089844
2020-06-24,15.069653511047363,22.545652389526367,22.889007568359375,48.62319564819336,26.71725082397461,20.399959564208984,26.995594024658203,51.389976501464844,19.22459602355957,26.70000457763672,82.83323669433594
2020-06-25,15.2129487991333,22.77643394470215,23.20572280883789,49.176326751708984,26.80390739440918,20.76795768737793,27.087303161621094,51.30060577392578,19.635040283203125,27.17611312866211,83.88015747070312
2020-06-26,14.958200454711914,22.314868927001953,22.743492126464844,48.70222091674805,26.610595703125,20.383962631225586,26.311948776245117,51.00567626953125,18.66851234436035,26.752904891967773,82.07765197753906
2020-06-29,15.24478816986084,22.634414672851562,23.111562728881836,48.710994720458984,26.817241668701172,20.607959747314453,26.62875747680664,51.12186050415039,19.165016174316406,26.94183921813965,83.06993103027344
2020-06-30,15.340314865112305,22.971710205078125,23.20572280883789,48.21931457519531,26.81057357788086,20.607959747314453,26.578737258911133,51.05929946899414,19.03923225402832,26.63199234008789,83.88015747070312
2020-07-01,15.491572380065918,23.007213592529297,23.1886043548584,48.122745513916016,27.123870849609375,20.75196075439453,26.837186813354492,51.35422897338867,19.661518096923828,27.10053825378418,84.3535385131836
2020-07-02,15.78611946105957,23.122610092163086,23.599472045898438,48.438812255859375,27.570491790771484,20.91196060180664,27.26238441467285,52.18540573120117,19.50263786315918,27.727792739868164,84.99078369140625
2020-07-06,15.802042961120605,23.26462745666504,24.130184173583984,49.062191009521484,28.350412368774414,21.127958297729492,27.537508010864258,53.740509033203125,20.124921798706055,27.8184871673584,86.30170440673828
2020-07-07,15.563220024108887,23.0427188873291,23.599472045898438,48.62319564819336,28.043781280517578,20.74395751953125,26.87053680419922,52.56078338623047,19.681373596191406,27.531307220458984,85.40044403076172
2020-07-08,15.603023529052734,23.229124069213867,23.93330955505371,48.58807373046875,28.517061233520508,21.00796127319336,26.703794479370117,52.89146041870117,20.316904067993164,28.680021286010742,86.12873077392578
2020-07-09,15.45177173614502,22.989463806152344,23.77066993713379,48.35101318359375,28.51039695739746,20.599958419799805,26.286935806274414,52.56971740722656,20.164642333984375,28.75558853149414,85.55522155761719
2020-07-10,15.626903533935547,23.238000869750977,24.018905639648438,48.98317337036133,28.137104034423828,20.8399600982666,26.311948776245117,52.221160888671875,20.38310432434082,28.551544189453125,86.42005157470703
2020-07-13,15.40400505065918,23.095979690551758,23.82202911376953,48.72855758666992,28.40374183654785,20.599958419799805,25.86174774169922,52.301597595214844,19.860116958618164,28.543987274169922,85.64625549316406
2020-07-14,15.634866714477539,23.539793014526367,24.28426170349121,49.1148681640625,28.630388259887695,20.943958282470703,26.13686752319336,52.77527618408203,20.36986541748047,29.08811378479004,86.82970428466797
2020-07-15,15.977176666259766,23.877086639404297,24.54961585998535,49.73823928833008,28.590389251708984,21.31995964050293,26.7454833984375,53.18639373779297,20.54198455810547,29.261934280395508,87.74005126953125
2020-07-16,15.770195960998535,23.743946075439453,24.481136322021484,49.22900390625,28.517061233520508,21.151962280273438,26.528711318969727,52.650150299072266,20.462541580200195,29.20903205871582,87.33951568603516
2020-07-17,15.857766151428223,23.85933494567871,24.686573028564453,49.30802536010742,28.583723068237305,21.27996253967285,26.228572845458984,53.12382888793945,20.74720573425293,29.24681854248047,87.62171936035156
2020-07-20,15.921449661254883,24.010231018066406,24.977609634399414,49.34314727783203,28.67704963684082,21.295957565307617,26.353635787963867,53.4008903503418,21.19736671447754,29.57933807373047,88.30448913574219
2020-07-21,16.303564071655273,24.125621795654297,25.148801803588867,49.36948776245117,29.003679275512695,21.351957321166992,27.037277221679688,53.71369934082031,21.64090919494629,29.972322463989258,88.47744750976562
2020-07-22,16.263763427734375,24.241010665893555,25.388477325439453,49.23779296875,29.143665313720703,21.263959884643555,27.445796966552734,53.50813674926758,22.177135467529297,29.843849182128906,88.90532684326172
2020-07-23,16.0488224029541,23.992481231689453,25.123123168945312,49.07096862792969,28.89702606201172,21.09596061706543,27.145662307739258,52.72165298461914,21.303287506103516,29.1636905670166,87.90393829345703
2020-07-24,15.945333480834961,23.93034553527832,24.866329193115234,49.01829147338867,29.263654708862305,21.015962600708008,27.31240463256836,52.650150299072266,21.376108169555664,29.352624893188477,87.35770416259766
2020-07-27,16.208040237426758,24.2853946685791,25.251522064208984,49.99285888671875,30.49686050415039,21.199960708618164,27.996049880981445,53.69582748413086,22.031496047973633,30.214157104492188,88.19524383544922
2020-07-28,16.040861129760742,24.187755584716797,24.977609634399414,49.68556594848633,29.436969757080078,21.19196319580078,27.954362869262695,53.82988739013672,21.90571403503418,30.03277587890625,87.62171936035156
2020-07-29,16.303564071655273,24.51618194580078,25.32855987548828,49.71190643310547,30.183557510375977,21.479957580566406,27.971033096313477,54.86662292480469,22.163894653320312,30.478656768798828,88.64131164550781
2020-07-30,16.1602725982666,24.356403350830078,24.669452667236328,48.96561813354492,29.86359214782715,21.17595863342285,27.445796966552734,54.3929443359375,22.104310989379883,29.17124366760254,88.1133041381836
2020-07-31,15.84980583190918,24.241010665893555,24.18153953552246,47.70130157470703,29.730270385742188,20.74395751953125,27.120649337768555,53.85669708251953,21.541610717773438,28.362613677978516,87.98587036132812
2020-08-03,16.07270622253418,24.303150177001953,24.806411743164062,48.67587661743164,29.61028289794922,21.11996078491211,27.087303161621094,54.49125671386719,21.098064422607422,27.931842803955078,88.93262481689453
2020-08-04,16.176191329956055,24.649320602416992,24.823530197143555,49.22023391723633,30.096904754638672,21.20796012878418,26.92889404296875,55.1794319152832,20.859745025634766,28.098106384277344,89.35140991210938
2020-08-05,16.239879608154297,24.933361053466797,24.926250457763672,49.18511199951172,30.423534393310547,21.367963790893555,27.737594604492188,56.520042419433594,21.12454605102539,28.521320343017578,89.89759826660156
2020-08-06,16.35133171081543,25.031002044677734,25.07176399230957,49.149986267089844,30.503524780273438,21.351957321166992,27.729257583618164,57.23503494262695,21.210607528686523,28.491090774536133,90.27085876464844
2020-08-07,16.23192024230957,24.80908966064453,24.99472999572754,49.16755294799805,30.15022850036621,21.20796012878418,27.74593162536621,57.06521987915039,20.687625885009766,27.576656341552734,89.9886474609375
2020-08-10,16.407052993774414,24.97774314880371,24.99472999572754,49.404605865478516,30.32354736328125,21.327957153320312,27.946022033691406,58.30751419067383,20.634662628173828,27.44817543029785,90.25263977050781
2020-08-11,16.422977447509766,24.9688663482666,25.097440719604492,49.8084831237793,29.970247268676758,21.46396255493164,28.196136474609375,58.81694793701172,20.515504837036133,27.538864135742188,89.87939453125
2020-08-12,16.629955291748047,25.199647903442383,25.69663429260254,50.86207580566406,30.27021598815918,21.927955627441406,28.27116584777832,59.77324676513672,20.40296173095703,27.969629287719727,91.34506225585938
2020-08-13,16.36725425720215,25.137510299682617,25.52543830871582,50.80061721801758,29.99691390991211,21.703956604003906,28.462919235229492,59.4604377746582,20.356624603271484,28.15856170654297,91.25403594970703
2020-08-14,16.375215530395508,25.084257125854492,25.379919052124023,50.791839599609375,30.096904754638672,21.447956085205078,28.913127899169922,58.86163330078125,20.336761474609375,28.302156448364258,91.00824737548828
2020-08-17,16.534427642822266,25.412675857543945,25.61103630065918,51.00255584716797,30.616846084594727,21.607961654663086,28.90479278564453,59.52299880981445,19.760820388793945,28.15856170654297,91.6181640625
2020-08-18,16.606077194213867,25.38604736328125,25.66239356994629,51.17815399169922,30.330209732055664,21.61595916748047,28.80474281311035,57.66402816772461,20.32352066040039,28.347497940063477,91.73652648925781
2020-08-19,16.621994018554688,25.252906799316406,25.5682373046875,50.905975341796875,29.903589248657227,21.46396255493164,28.671354293823242,57.50314712524414,19.760820388793945,27.95452117919922,91.3177490234375
2020-08-20,16.56627082824707,25.323911666870117,25.48263931274414,50.721595764160156,29.296985626220703,21.423959732055664,28.57964324951172,55.813987731933594,19.807159423828125,27.871383666992188,91.50894165039062
2020-08-21,16.399097442626953,25.226276397705078,25.225841522216797,50.58112335205078,29.56361961364746,21.20796012878418,28.321197509765625,56.064231872558594,19.628421783447266,28.407955169677734,91.57266235351562
2020-08-24,16.550350189208984,25.297286987304688,25.74799156188965,51.14303207397461,29.730270385742188,21.543956756591797,28.27116584777832,56.814979553222656,19.813777923583984,29.13345718383789,92.48302459716797
2020-08-25,16.50258445739746,25.394926071166992,25.850711822509766,51.072784423828125,30.003576278686523,21.43195915222168,28.562963485717773,57.66402816772461,19.979280471801758,29.118345260620117,92.77433776855469
2020-08-26,16.590152740478516,25.74109649658203,26.116065979003906,51.21327590942383,30.183557510375977,21.551963806152344,28.13777732849121,58.03046417236328,19.409954071044922,29.095670700073242,93.62095642089844
2020-08-27,16.574230194091797,25.696720123291016,25.756553649902344,50.73915481567383,29.796932220458984,21.367963790893555,27.7542724609375,57.0115966796875,19.542360305786133,28.83872413635254,93.50262451171875
2020-08-28,16.637916564941406,25.67896270751953,25.91063117980957,51.011329650878906,29.916919708251953,21.535961151123047,28.50461196899414,57.762332916259766,20.44930076599121,29.3223934173584,94.05792999267578
2020-08-31,16.550350189208984,25.483688354492188,25.765111923217773,50.941097259521484,29.296985626220703,21.311960220336914,27.437461853027344,56.36810302734375,19.740957260131836,28.090547561645508,93.73020935058594
2020-09-01,16.534427642822266,25.652334213256836,25.78223419189453,51.081573486328125,29.730270385742188,21.14396095275879,28.096097946166992,57.1814079284668,20.561843872070312,28.989864349365234,94.53131103515625
2020-09-02,16.81304931640625,25.74109649658203,26.295822143554688,51.5908088684082,29.88359260559082,21.46396255493164,27.870986938476562,57.1814079284668,20.59494400024414,28.400400161743164,95.62374114990234
2020-09-03,16.359289169311523,25.235151290893555,25.602476119995117,50.68647384643555,29.436969757080078,20.855958938598633,27.420780181884766,56.57366180419922,20.58832550048828,27.697566986083984,92.71061706542969
2020-09-04,16.152313232421875,25.03987693786621,25.55111312866211,50.96743392944336,29.48362922668457,20.927961349487305,27.66256332397461,56.96691131591797,20.647905349731445,28.10566520690918,92.08245849609375
2020-09-08,15.993096351623535,24.48954963684082,25.302879333496094,50.545997619628906,29.44363784790039,20.679962158203125,27.070629119873047,56.993717193603516,20.07857894897461,27.614439010620117,89.94312286376953
2020-09-09,16.311527252197266,25.07537841796875,26.039030075073242,50.721595764160156,29.663610458374023,21.09596061706543,27.695907592773438,57.74446105957031,20.66776466369629,29.065448760986328,91.59088134765625
2020-09-10,15.881646156311035,24.67595100402832,25.773672103881836,50.74794006347656,29.510295867919922,20.583959579467773,27.46247100830078,57.02947235107422,20.00575828552246,28.672456741333008,90.2435302734375
2020-09-11,16.040861129760742,24.74695587158203,25.944869995117188,51.40643310546875,29.56361961364746,20.791959762573242,27.979372024536133,57.64615249633789,19.919700622558594,28.921852111816406,90.48023223876953
2020-09-14,16.18415641784668,24.97774314880371,25.979108810424805,51.775184631347656,30.030241012573242,20.879962921142578,28.69636344909668,58.84375762939453,20.568464279174805,29.39040184020996,91.68190002441406
2020-09-15,16.303564071655273,25.01324462890625,26.02190399169922,52.012245178222656,30.410202026367188,21.11996078491211,28.446250915527344,59.52299880981445,20.469160079956055,29.60956573486328,92.22810363769531
2020-09-16,16.319490432739258,24.800214767456055,25.919187545776367,52.196624755859375,30.410202026367188,21.223960876464844,28.6213321685791,59.54981231689453,20.508880615234375,29.50377082824707,91.92769622802734
2020-09-17,16.215999603271484,24.800214767456055,26.07326316833496,52.258079528808594,30.28354835510254,21.14396095275879,28.2878475189209,59.37106704711914,20.674381256103516,29.420631408691406,91.37239074707031
2020-09-18,16.024940490722656,24.596059799194336,25.91063117980957,52.02980422973633,30.223552703857422,20.88796043395996,27.804292678833008,59.02251052856445,19.727718353271484,28.72536277770996,90.58948516845703
2020-09-21,15.64282512664795,24.152250289916992,24.83209228515625,51.257179260253906,30.09023666381836,20.1679630279541,27.25404167175293,58.51308059692383,19.42981719970703,27.41794776916504,89.07829284667969
2020-09-22,15.8100004196167,24.42741584777832,24.797849655151367,51.41521453857422,29.816930770874023,20.231964111328125,26.93723487854004,57.601463317871094,19.237834930419922,27.395275115966797,89.67912292480469
2020-09-23,15.587103843688965,23.868209838867188,24.429779052734375,51.71372604370117,29.256986618041992,20.079959869384766,26.06183624267578,56.68984603881836,18.575830459594727,26.8133602142334,87.89482116699219
2020-09-24,15.579141616821289,24.027982711791992,24.592416763305664,51.511783599853516,28.79703712463379,20.055959701538086,26.820512771606445,56.12679672241211,19.07233428955078,27.13832664489746,88.09508514404297
2020-09-25,15.825921058654785,24.152250289916992,24.446895599365234,51.5908088684082,28.87702751159668,20.175962448120117,26.862199783325195,56.3055419921875,18.94655418395996,26.692447662353516,89.17842102050781
2020-09-28,15.969216346740723,24.47179412841797,25.054645538330078,52.31077194213867,29.536958694458008,20.559959411621094,27.220693588256836,57.51209259033203,18.17862892150879,27.410388946533203,90.61678314208984
2020-09-29,15.802042961120605,24.347530364990234,25.14024543762207,52.26686477661133,29.61028289794922,20.431961059570312,27.170671463012695,57.6729621887207,17.986650466918945,27.75802230834961,90.31637573242188
2020-09-30,15.698548316955566,24.32977867126465,24.9348087310791,51.862998962402344,29.930253982543945,20.391963958740234,27.81262969970703,58.39689254760742,18.31102752685547,27.909170150756836,90.59857177734375
2020-10-01,15.825921058654785,24.47179412841797,25.097440719604492,51.87176513671875,30.37687110900879,20.431961059570312,27.595863342285156,58.995697021484375,18.31764793395996,28.460853576660156,91.1539077758789
2020-10-02,15.802042961120605,24.445165634155273,24.96904754638672,51.61714553833008,29.976913452148438,20.59195899963379,27.729257583618164,58.2628288269043,17.980026245117188,28.347497940063477,90.48933410644531
2020-10-05,16.120468139648438,24.915607452392578,25.491199493408203,52.03859329223633,30.290210723876953,20.855958938598633,28.32952880859375,59.54981231689453,18.787670135498047,28.49864387512207,92.10977172851562
2020-10-06,15.921449661254883,24.53392791748047,25.2172794342041,51.9244499206543,30.290210723876953,20.543960571289062,27.996049880981445,58.80801773071289,18.516252517700195,28.052762985229492,91.00824737548828
2020-10-07,16.23192024230957,24.897851943969727,25.448400497436523,52.196624755859375,30.770166397094727,20.679962158203125,28.59632110595703,60.211181640625,18.476530075073242,28.37017059326172,92.27365112304688
2020-10-08,16.470741271972656,25.261777877807617,25.713754653930664,52.21418380737305,30.92348289489746,20.903959274291992,29.471715927124023,60.515045166015625,19.01275062561035,28.51375961303711,92.95640563964844
2020-10-09,16.574230194091797,25.38604736328125,25.850711822509766,52.205406188964844,31.17679214477539,21.09596061706543,29.863555908203125,61.07810974121094,19.171634674072266,28.974754333496094,93.67558288574219
2020-10-12,16.685680389404297,25.457061767578125,26.03046989440918,52.345882415771484,31.0967960357666,21.167957305908203,29.646799087524414,60.76529312133789,19.409954071044922,29.080556869506836,94.85905456542969
2020-10-13,16.558307647705078,25.235151290893555,25.585355758666992,52.17906188964844,30.916820526123047,20.791959762573242,29.254953384399414,60.255859375,19.231212615966797,28.8236083984375,94.2855224609375
2020-10-14,16.542388916015625,25.164142608642578,25.57679557800293,52.258079528808594,30.70350456237793,20.695960998535156,29.254953384399414,59.78217697143555,19.29079818725586,28.717803955078125,93.70288848876953
2020-10-15,16.51850700378418,25.093137741088867,25.054645538330078,51.819091796875,30.570186614990234,20.335962295532227,29.321645736694336,59.47831726074219,19.145156860351562,28.642234802246094,93.31143951416016
2020-10-16,16.51850700378418,25.031002044677734,25.34568214416504,51.71372604370117,30.443531036376953,20.535961151123047,29.396678924560547,59.47831726074219,18.973033905029297,28.680021286010742,93.42068481445312
2020-10-19,16.383174896240234,24.800214767456055,25.165924072265625,51.775184631347656,30.58352279663086,20.335962295532227,29.021512985229492,59.388938903808594,19.118677139282227,28.649791717529297,92.30094909667969
2020-10-20,16.36725425720215,24.888980865478516,25.242963790893555,51.783966064453125,30.7235050201416,20.455957412719727,29.721830368041992,60.1307487487793,19.449674606323242,29.14101219177246,92.71971130371094
2020-10-21,16.359289169311523,24.782466888427734,24.9348087310791,52.187843322753906,30.73016929626465,20.359960556030273,30.00529670715332,60.50611114501953,19.409954071044922,29.488651275634766,92.34646606445312
2020-10-22,16.50258445739746,24.87122344970703,24.9348087310791,52.03859329223633,30.870155334472656,20.407962799072266,30.188709259033203,60.20224380493164,19.754199981689453,29.70781707763672,92.71971130371094
2020-10-23,16.621994018554688,24.951114654541016,25.165924072265625,52.064918518066406,30.983478546142578,20.615962982177734,30.413806915283203,61.04236602783203,19.522497177124023,30.37285614013672,93.16578674316406
2020-10-26,16.375215530395508,24.48954963684082,24.036022186279297,51.56446838378906,30.86348533630371,20.30396270751953,29.838550567626953,60.03242874145508,19.568836212158203,29.730484008789062,91.45431518554688
2020-10-27,16.18415641784668,24.418540954589844,23.693632125854492,51.74884796142578,30.963478088378906,20.103961944580078,29.546749114990234,59.91625213623047,19.01275062561035,29.44330596923828,90.99913024902344
2020-10-28,15.746315002441406,23.522037506103516,22.58085060119629,51.046451568603516,30.343544006347656,19.327960968017578,28.59632110595703,59.01357650756836,17.986650466918945,27.871383666992188,88.02228546142578
2020-10-29,15.817962646484375,23.628557205200195,22.66645050048828,51.432777404785156,30.310211181640625,19.519962310791016,28.112770080566406,59.30849838256836,18.218351364135742,27.765586853027344,88.77787017822266
2020-10-30,15.738354682922363,23.49540901184082,22.495254516601562,51.134254455566406,30.10356903076172,19.471961975097656,28.479598999023438,58.00365447998047,17.781429290771484,27.9923038482666,87.87661743164062
2020-11-02,15.825921058654785,23.79720115661621,22.803409576416016,51.669830322265625,30.37020492553711,19.695966720581055,28.42124366760254,59.0046272277832,17.986650466918945,28.543987274169922,88.90532684326172
2020-11-03,16.335411071777344,24.32977867126465,23.548114776611328,52.758541107177734,30.7235050201416,20.24795913696289,28.846433639526367,60.282676696777344,18.218351364135742,29.254377365112305,90.80797576904297
2020-11-04,16.343372344970703,24.454042434692383,23.86482810974121,52.67073059082031,31.190122604370117,20.431961059570312,29.129892349243164,61.50709533691406,18.794292449951172,30.03277587890625,92.51941680908203
2020-11-05,16.876739501953125,25.048749923706055,24.489696502685547,53.97016906738281,31.423429489135742,20.82396125793457,30.397132873535156,62.963890075683594,19.78067970275879,31.423324584960938,94.4766845703125
2020-11-06,16.908580780029297,25.03987693786621,24.515378952026367,54.014068603515625,31.44342803955078,20.879962921142578,30.64725112915039,62.758338928222656,20.363245010375977,31.72561264038086,94.6041488647461
2020-11-09,17.577280044555664,25.430429458618164,25.200164794921875,55.603233337402344,31.73673439025879,21.86395835876465,31.839460372924805,63.37501907348633,20.80016326904297,32.21684265136719,96.03339385986328
2020-11-10,17.5374813079834,25.670089721679688,25.448400497436523,55.392513275146484,31.570085525512695,22.503955841064453,32.42305374145508,63.955936431884766,21.012008666992188,32.17150115966797,96.25189208984375
2020-11-11,17.776302337646484,25.847614288330078,25.628156661987305,55.726158142089844,32.04336929321289,22.76795768737793,32.58146667480469,64.80500030517578,21.031869888305664,32.32264709472656,96.92556762695312
2020-11-12,17.44194984436035,25.430429458618164,25.234399795532227,54.865718841552734,31.91671371459961,22.303956985473633,31.839460372924805,64.17938995361328,20.35000228881836,31.483783721923828,95.92417907714844
2020-11-13,17.664852142333984,25.554698944091797,25.61959457397461,55.64713668823242,32.34333801269531,22.64795684814453,32.656497955322266,65.72554779052734,20.733964920043945,32.080810546875,97.1167221069336
2020-11-16,17.927555084228516,26.01626205444336,25.739431381225586,56.43732452392578,32.94994354248047,22.967954635620117,33.7736701965332,66.96784210205078,21.250328063964844,32.572044372558594,98.25466918945312
2020-11-17,17.959396362304688,26.140533447265625,25.739431381225586,56.21782684326172,32.943275451660156,22.823959350585938,33.95708465576172,66.92315673828125,21.83951187133789,32.27730178833008,97.99066925048828
2020-11-18,17.9832763671875,26.06951904296875,25.66239356994629,55.84028244018555,33.203250885009766,22.687957763671875,34.048797607421875,66.88741302490234,21.42906951904297,32.02791213989258,97.15315246582031
2020-11-19,18.118610382080078,26.176034927368164,25.799352645874023,56.209049224853516,33.216583251953125,22.879959106445312,33.948753356933594,66.67291259765625,21.786548614501953,32.00523376464844,97.74488830566406
2020-11-20,18.15045166015625,26.291427612304688,25.756553649902344,56.84120178222656,33.16325378417969,22.863956451416016,34.132164001464844,66.7265396118164,21.296663284301758,31.944774627685547,97.46267700195312
2020-11-23,18.158414840698242,26.460073471069336,25.790788650512695,56.87631607055664,33.483219146728516,22.903955459594727,34.23221206665039,68.0224609375,21.415828704833984,31.665164947509766,97.82679748535156
2020-11-24,18.63606071472168,26.921640396118164,26.12462615966797,57.73675537109375,33.56320571899414,23.343955993652344,34.890838623046875,69.15750122070312,22.13741111755371,32.564483642578125,99.3744125366211
2020-11-25,18.6519775390625,26.983776092529297,26.17598533630371,57.324092864990234,33.24991226196289,23.17595672607422,34.64907455444336,68.57658386230469,22.415454864501953,32.73830032348633,99.29248046875
2020-11-27,18.548490524291992,27.072532653808594,26.304380416870117,58.149410247802734,33.509883880615234,23.15195655822754,34.51567840576172,69.58650207519531,22.527997970581055,32.420894622802734,99.73855590820312
2020-11-30,18.08676528930664,26.87725830078125,26.158864974975586,56.533905029296875,32.96993637084961,22.60795783996582,33.82368469238281,68.29951477050781,22.01163101196289,31.053020477294922,99.17414093017578
2020-12-01,18.44500160217285,27.028154373168945,26.681013107299805,57.69285202026367,33.54988098144531,23.271957397460938,35.057586669921875,69.63118743896484,23.097318649291992,32.148826599121094,100.24835205078125
2020-12-02,18.516647338867188,27.214555740356445,26.603979110717773,57.596275329589844,33.76319122314453,23.343955993652344,35.53281021118164,70.93605041503906,23.090700149536133,32.46623229980469,100.34849548339844
2020-12-03,18.604217529296875,27.400955200195312,26.561180114746094,57.73675537109375,34.1364860534668,23.631956100463867,35.849609375,72.1783447265625,23.481281280517578,32.91211700439453,100.43041229248047
2020-12-04,18.763429641723633,27.81813621520996,26.655336380004883,58.00014877319336,34.78975296020508,23.87995147705078,35.9329833984375,74.17137145996094,23.931442260742188,33.1766242980957,101.43181610107422
2020-12-07,18.715665817260742,27.83588981628418,26.595415115356445,57.148494720458984,34.86974334716797,23.647951126098633,35.457763671875,74.31438446044922,23.944679260253906,33.320213317871094,101.0585708618164
2020-12-08,18.843036651611328,27.898025512695312,26.72381591796875,57.28019714355469,35.069725036621094,23.751955032348633,35.632843017578125,72.73245239257812,23.99764633178711,33.53937530517578,101.38629913330078
2020-12-09,18.874881744384766,27.82701301574707,26.663894653320312,57.6840705871582,34.916404724121094,23.839954376220703,35.06592559814453,73.46532440185547,23.600448608398438,33.327762603759766,100.75814819335938
2020-12-10,18.994293212890625,28.040040969848633,26.73237419128418,57.78064727783203,34.87640380859375,23.75995635986328,35.549476623535156,74.2071304321289,24.75233268737793,33.36555862426758,100.84918975830078
2020-12-11,18.906723022460938,27.898025512695312,26.449899673461914,57.903564453125,34.8164176940918,23.495956420898438,35.266014099121094,73.67089080810547,24.58682632446289,33.169063568115234,100.56697845458984
2020-12-14,18.962923049926758,27.66887664794922,26.620664596557617,58.095726013183594,34.83203887939453,23.440933227539062,35.17102813720703,73.2656021118164,24.163970947265625,33.47697830200195,100.56146240234375
2020-12-15,19.187715530395508,27.983394622802734,27.08009147644043,58.51000213623047,34.96788787841797,23.780773162841797,35.6585693359375,74.32833862304688,24.690872192382812,34.4534912109375,101.65264129638672
2020-12-16,19.243911743164062,27.965423583984375,27.487504959106445,58.501190185546875,35.24638366699219,23.983060836791992,35.93598175048828,73.76095581054688,25.017683029174805,34.603118896484375,101.89104461669922
2020-12-17,19.500822067260742,28.154132843017578,27.834245681762695,58.844947814941406,35.13770294189453,24.04779052734375,36.55802917480469,73.58982849121094,25.271127700805664,35.1464958190918,102.67961883544922
2020-12-18,19.25996971130371,27.839614868164062,27.773563385009766,58.67747497558594,35.02901840209961,23.772682189941406,35.801483154296875,73.1485366821289,25.144411087036133,35.563880920410156,102.36785888671875
2020-12-21,19.107431411743164,27.632930755615234,27.21011734008789,58.0428352355957,35.0833625793457,23.36810874938965,35.20465087890625,72.45504760742188,24.424091339111328,34.650367736816406,101.67096710205078
2020-12-22,18.98700523376465,27.59697914123535,27.123435974121094,58.016395568847656,34.6826057434082,23.319561004638672,34.44810104370117,71.32026672363281,24.410749435424805,34.0676155090332,101.59761810302734
2020-12-23,19.211801528930664,27.785696029663086,27.53951644897461,58.22793960571289,34.85920715332031,23.764591217041016,35.482051849365234,72.79728698730469,24.45076560974121,34.83149719238281,101.90022277832031
2020-12-24,19.21982765197754,27.911502838134766,27.600196838378906,58.016395568847656,35.2735481262207,23.813140869140625,35.62495803833008,73.99512481689453,24.65085220336914,34.555870056152344,102.1844711303711
2020-12-28,19.30813980102539,27.72279167175293,27.91225814819336,58.60696029663086,35.606380462646484,23.780773162841797,35.742645263671875,74.68859100341797,24.550813674926758,34.44561004638672,102.7896499633789
2020-12-29,19.235885620117188,27.7946834564209,27.903587341308594,59.338558197021484,35.68789291381836,24.015424728393555,36.642086029052734,76.15660858154297,24.830936431884766,34.66611862182617,102.82633209228516
2020-12-30,19.340253829956055,27.90251922607422,27.886253356933594,59.3650016784668,36.21771240234375,23.96687889099121,36.69606399536133,77.58859252929688,24.777576446533203,35.02836990356445,102.9638900756836
2020-12-31,19.22785758972168,27.713808059692383,27.53951644897461,59.55009841918945,36.05469512939453,23.699861526489258,36.25749969482422,77.49853515625,24.72422218322754,34.52436447143555,103.07391357421875
2021-01-04,19.292083740234375,27.803668975830078,27.877582550048828,58.844947814941406,36.53017044067383,24.015424728393555,36.54426574707031,79.5429458618164,24.39073944091797,34.68186950683594,102.35868835449219
2021-01-05,19.56505012512207,28.32487678527832,28.016281127929688,59.39144515991211,37.311309814453125,24.38763427734375,36.74666976928711,81.53331756591797,24.530799865722656,34.461368560791016,103.14726257324219
2021-01-06,19.82998275756836,28.585477828979492,28.26766014099121,60.09659957885742,37.29093551635742,25.12395668029785,37.88524627685547,81.4162368774414,24.430761337280273,34.043983459472656,103.77078247070312
2021-01-07,19.838008880615234,28.891016006469727,28.40635871887207,59.97319030761719,37.94980239868164,25.12395668029785,37.58163833618164,82.94729614257812,24.78424835205078,33.658111572265625,104.96281433105469
2021-01-08,19.934350967407227,28.855072021484375,28.5363826751709,61.07500076293945,38.22150421142578,25.293874740600586,38.02862548828125,86.65786743164062,25.144411087036133,34.941749572753906,105.7330322265625
2021-01-11,19.605186462402344,28.55851936340332,28.059619903564453,60.50205612182617,38.39132308959961,24.840755462646484,37.55632781982422,85.91935729980469,24.28403091430664,33.862857818603516,104.76107788085938
2021-01-12,19.725614547729492,28.756216049194336,28.128969192504883,60.819374084472656,38.499996185302734,24.97831153869629,37.6153678894043,85.21686553955078,25.391183853149414,34.66611862182617,105.05451202392578
2021-01-13,19.653356552124023,28.711288452148438,28.111631393432617,60.995662689208984,38.995853424072266,24.856935501098633,37.21053695678711,85.19884490966797,24.890966415405273,34.71337127685547,105.21956634521484
2021-01-14,19.886178970336914,28.90898323059082,28.215654373168945,61.63029861450195,39.50529098510742,25.164411544799805,37.80935287475586,85.79326629638672,25.751338958740234,35.03624725341797,105.13703918457031
2021-01-15,19.6292724609375,28.60344886779785,27.600196838378906,60.57257080078125,38.839622497558594,24.719383239746094,37.51416015625,83.06437683105469,24.604169845581055,34.595237731933594,104.11923217773438
2021-01-19,19.725614547729492,28.66635513305664,27.920927047729492,60.92514419555664,39.19962692260742,24.840755462646484,37.24427032470703,83.42462158203125,24.4641056060791,35.524505615234375,104.96281433105469
2021-01-20,20.070831298828125,28.926958084106445,28.128969192504883,61.23365783691406,39.19283676147461,25.002586364746094,37.24427032470703,84.57743072509766,24.45076560974121,36.162384033203125,106.20069122314453
2021-01-21,20.118999481201172,28.810134887695312,28.328340530395508,60.995662689208984,39.87208938598633,25.018762588500977,36.771976470947266,86.4957504272461,23.99723243713379,36.24113845825195,106.182373046875
2021-01-22,19.96646499633789,28.432710647583008,28.215654373168945,61.03091812133789,39.722652435302734,24.776023864746094,36.23220443725586,84.49636840820312,23.370290756225586,35.62688446044922,105.76973724365234
2021-01-25,20.054773330688477,28.51358985900879,27.851579666137695,61.2689094543457,39.607177734375,24.70319938659668,36.375579833984375,86.24357604980469,23.023473739624023,35.53237533569336,106.01729583740234
2021-01-26,20.070831298828125,28.414737701416016,28.189647674560547,61.27771759033203,39.14529037475586,24.759838104248047,36.426177978515625,84.90164184570312,23.603727340698242,35.54812240600586,105.8705825805664
2021-01-27,19.516876220703125,27.65989112854004,27.435497283935547,59.937931060791016,38.46603775024414,24.17725372314453,35.19482421875,81.80351257324219,23.210220336914062,34.54798889160156,103.33065795898438
2021-01-28,19.653356552124023,27.983394622802734,27.643537521362305,60.325767517089844,38.79207992553711,24.258169174194336,35.397247314453125,82.97431945800781,23.67042350769043,35.390621185302734,104.04586029052734
2021-01-29,19.067289352416992,27.49813461303711,27.270795822143555,59.04767608642578,37.58979797363281,23.643217086791992,33.895992279052734,79.34481048583984,22.803375244140625,34.595237731933594,102.23030853271484
2021-02-01,19.396453857421875,27.803668975830078,27.53951644897461,59.664695739746094,38.45245361328125,23.942607879638672,35.22856903076172,82.56903076171875,23.290252685546875,35.33549880981445,103.77078247070312
2021-02-02,19.637300491333008,28.29791831970215,27.929597854614258,60.14067077636719,39.34226989746094,24.0882511138916,35.093624114990234,83.02835083007812,23.79714584350586,35.54812240600586,105.0820083618164
2021-02-03,19.717586517333984,28.396770477294922,28.128969192504883,60.49324035644531,39.14529037475586,24.04779052734375,34.95867919921875,83.77586364746094,24.03058624267578,35.73712921142578,105.21956634521484
2021-02-04,19.70955467224121,28.50459861755371,28.146305084228516,60.56377410888672,39.29472351074219,23.999244689941406,35.00927734375,82.50598907470703,23.663755416870117,36.33563232421875,106.13651275634766
2021-02-05,19.918291091918945,28.792163848876953,28.29366683959961,61.039737701416016,39.383026123046875,24.11252212524414,35.50687789916992,83.7218246459961,24.163970947265625,37.406646728515625,106.54913330078125
2021-02-08,20.062803268432617,29.169588088989258,28.34567642211914,62.132713317871094,39.67510223388672,24.233896255493164,35.54905319213867,82.70413970947266,24.190654754638672,37.217647552490234,107.38356018066406
2021-02-09,20.0467472076416,29.36728286743164,28.380352020263672,62.46767044067383,39.88567352294922,24.41190528869629,36.198463439941406,83.13642883300781,24.01723861694336,37.89490509033203,107.6769790649414
2021-02-10,20.00660514831543,29.439176559448242,28.224319458007812,62.35308074951172,39.912841796875,24.330991744995117,36.0129280090332,83.7218246459961,23.810482025146484,37.879150390625,107.56693267822266
2021-02-11,20.15111541748047,29.466140747070312,28.510377883911133,62.67921829223633,40.34077072143555,24.363359451293945,35.61652755737305,84.64047241210938,23.98389434814453,38.320159912109375,107.93373107910156
2021-02-12,20.17519760131836,29.547016143798828,28.56239128112793,63.06705093383789,40.32039260864258,24.71129035949707,35.85267639160156,84.74853515625,24.03058624267578,38.895042419433594,108.45639038085938
2021-02-16,20.33576774597168,29.68180274963379,28.588394165039062,63.34028244018555,40.687191009521484,25.32623863220215,35.776763916015625,84.31624603271484,24.163970947265625,38.43828582763672,108.71311950683594
2021-02-17,20.223369598388672,29.466140747070312,28.172311782836914,63.25215148925781,40.63284683227539,25.229145050048828,36.08882141113281,83.74884796142578,24.083940505981445,38.42253494262695,108.52974700927734
2021-02-18,20.28759765625,29.385263442993164,28.250328063964844,62.494117736816406,40.46982955932617,25.083498001098633,35.34663391113281,82.50598907470703,23.730457305908203,38.4776611328125,107.96124267578125
2021-02-19,20.303651809692383,29.6907958984375,28.337013244628906,62.8819465637207,40.78907775878906,25.059221267700195,35.17796325683594,83.84791564941406,23.79714584350586,38.4776611328125,107.96124267578125
2021-02-22,20.375905990600586,29.76268768310547,28.29366683959961,62.73210144042969,40.4834098815918,25.099681854248047,34.570716857910156,81.66841125488281,22.323163986206055,38.15478515625,107.25518798828125
2021-02-23,20.568588256835938,29.708765029907227,28.059619903564453,62.59107208251953,40.69398498535156,25.37479019165039,35.34663391113281,81.94760131835938,22.930099487304688,38.37528991699219,107.24601745605469
2021-02-24,20.713098526000977,30.167068481445312,28.363019943237305,62.071014404296875,40.96567916870117,25.593257904052734,35.624961853027344,81.04698944091797,23.163536071777344,38.51703643798828,108.09877014160156
2021-02-25,20.25547981262207,29.529043197631836,27.955598831176758,61.004478454589844,40.27963638305664,25.083498001098633,34.08998107910156,80.16437530517578,22.02303123474121,36.54826354980469,105.7972412109375
2021-02-26,19.677448272705078,28.90898323059082,27.74755859375,60.13185501098633,39.702274322509766,24.5737361907959,34.292388916015625,79.22772979736328,21.276037216186523,36.42226028442383,104.77941131591797
2021-03-01,20.36787986755371,29.555999755859375,28.146305084228516,61.12788391113281,40.537757873535156,24.97831153869629,34.97555160522461,81.34418487548828,21.236021041870117,37.8161506652832,107.17264556884766
2021-03-02,20.33576774597168,29.870521545410156,28.241657257080078,60.52850341796875,39.94680404663086,25.132047653198242,35.591224670410156,80.54263305664062,21.41609764099121,38.24140930175781,106.76002502441406
2021-03-03,20.207313537597656,29.636877059936523,28.128969192504883,60.16710662841797,39.87208938598633,25.164411544799805,35.49844741821289,80.3084716796875,21.46945571899414,37.82402801513672,105.28376007080078
2021-03-04,20.070831298828125,29.322359085083008,27.851579666137695,59.59417724609375,39.01622772216797,24.986398696899414,35.16952896118164,78.84947204589844,21.55615997314453,37.209774017333984,104.01837158203125
2021-03-05,20.191255569458008,29.744712829589844,27.808238983154297,60.0789680480957,39.42378234863281,25.310056686401367,35.085182189941406,80.16437530517578,22.003023147583008,37.77677917480469,105.49464416503906
2021-03-08,20.01462745666504,29.84356117248535,28.08562660217285,59.4090690612793,38.71735763549805,25.24532699584961,35.30447006225586,78.1830062866211,20.702449798583984,37.068016052246094,104.97198486328125
2021-03-09,20.23139762878418,30.104162216186523,28.40635871887207,60.061344146728516,39.111328125,25.43952178955078,35.70929718017578,78.7684097290039,20.84918212890625,38.04452896118164,106.6041488647461
2021-03-10,20.070831298828125,30.319839477539062,28.666410446166992,60.27287673950195,38.93471908569336,25.56089210510254,36.65389633178711,77.60660552978516,21.562829971313477,38.800533294677734,107.20932006835938
2021-03-11,20.223369598388672,30.814090728759766,28.848447799682617,59.97319030761719,40.11661911010742,25.60944175720215,37.13463592529297,79.93021392822266,22.456552505493164,39.721920013427734,108.20880889892578
2021-03-12,20.183225631713867,30.984827041625977,28.770429611206055,60.7664909362793,39.64113998413086,25.787452697753906,36.9659538269043,79.2817611694336,22.20311164855957,38.51703643798828,108.30050659179688
2021-03-15,20.247455596923828,31.18252182006836,28.64040756225586,61.092620849609375,39.912841796875,25.657987594604492,37.37922286987305,80.40753936767578,22.03636932373047,38.84779739379883,108.77730560302734
2021-03-16,20.21533966064453,31.13759994506836,28.675081253051758,61.29535675048828,40.11661911010742,25.722726821899414,37.7081413269043,80.55164337158203,21.942996978759766,38.674537658691406,108.92401885986328
2021-03-17,20.25547981262207,31.398193359375,29.099830627441406,61.69200897216797,39.95359802246094,25.77936363220215,37.64910125732422,80.73177337646484,22.57660675048828,39.30454635620117,109.30914306640625
2021-03-18,19.90223503112793,30.903947830200195,28.969804763793945,61.85947036743164,39.26076126098633,25.512348175048828,37.396080017089844,78.9215087890625,22.296485900878906,38.24140930175781,107.78702545166016
2021-03-19,19.81392478942871,30.912939071655273,28.81377410888672,62.30900955200195,39.50529098510742,25.39906120300293,36.95751953125,80.04729461669922,22.8433895111084,38.43041229248047,107.82369232177734
2021-03-22,19.958436965942383,30.769155502319336,29.013147354125977,61.89472579956055,39.91963577270508,25.35860824584961,36.95751953125,80.2364273071289,22.496570587158203,38.28866195678711,108.29134368896484
2021-03-23,19.70955467224121,30.42767333984375,28.69241714477539,60.96921920776367,39.396610260009766,24.97831153869629,36.173160552978516,77.88580322265625,22.14975357055664,37.146766662597656,107.2826919555664
2021-03-24,19.701528549194336,30.42767333984375,28.389022827148438,60.29933547973633,39.111328125,24.954036712646484,35.94544982910156,77.46250915527344,21.4294376373291,36.729393005371094,106.69583892822266
2021-03-25,19.77378273010254,30.364770889282227,28.484376907348633,60.98684310913086,39.4169921875,25.148225784301758,36.58643341064453,78.65132904052734,21.629526138305664,37.01289367675781,107.31021118164062
2021-03-26,20.110973358154297,30.661314010620117,28.787763595581055,61.79777526855469,40.30001449584961,25.536619186401367,37.13463592529297,80.28145599365234,21.616182327270508,38.800533294677734,108.65811920166016
2021-03-29,20.022661209106445,30.607398986816406,28.787763595581055,61.427574157714844,40.422279357910156,25.47998046875,37.26957321166992,79.45288848876953,21.589508056640625,38.761173248291016,108.51139831542969
2021-03-30,19.854066848754883,30.481590270996094,28.900453567504883,60.9780387878418,40.714359283447266,25.431427001953125,37.328609466552734,79.79511260986328,21.869630813598633,38.52490997314453,108.27298736572266
2021-03-31,19.90223503112793,30.59841537475586,28.987138748168945,60.39628219604492,40.727943420410156,25.334333419799805,36.9659538269043,80.78580474853516,22.3098201751709,38.88715744018555,108.6489486694336
2021-04-01,20.17519760131836,31.128610610961914,29.42923355102539,60.942771911621094,40.96567916870117,25.625625610351562,37.590065002441406,81.67742156982422,21.75624656677246,39.61954116821289,109.83179473876953
2021-04-05,20.46422004699707,31.24542999267578,30.07068634033203,61.683189392089844,41.14228820800781,25.973556518554688,38.14670181274414,82.73114776611328,22.396530151367188,40.0133056640625,111.33558654785156
2021-04-06,20.263511657714844,31.18252182006836,29.749963760375977,60.74885177612305,41.135494232177734,25.787452697753906,38.256351470947266,82.82120513916016,22.643306732177734,40.45429992675781,111.06050109863281
2021-04-07,20.319711685180664,31.18252182006836,29.827974319458008,60.92514419555664,40.99285125732422,25.900732040405273,38.138275146484375,82.3168716430664,22.489906311035156,39.588043212890625,111.12470245361328
2021-04-08,20.45619010925293,31.41617202758789,29.92332649230957,60.98684310913086,41.52267074584961,26.062559127807617,38.644309997558594,82.6230697631836,22.90342140197754,39.50141525268555,111.89492797851562
2021-04-09,20.48830795288086,31.515024185180664,29.992673873901367,61.40993118286133,41.36644744873047,25.98164939880371,38.0623664855957,82.23580169677734,22.383190155029297,39.16278839111328,112.38090515136719
2021-04-12,20.4240779876709,31.40717887878418,29.9580020904541,61.03091812133789,41.33247756958008,25.908824920654297,37.91898727416992,81.82151794433594,22.35651206970215,38.88715744018555,112.30755615234375
2021-04-13,20.512392044067383,31.524009704589844,30.09670066833496,61.41874694824219,41.28493118286133,25.908824920654297,38.18043899536133,83.28953552246094,22.443220138549805,39.49353790283203,112.88522338867188
2021-04-14,20.672958374023438,31.524009704589844,29.984006881713867,61.30417251586914,41.31889724731445,26.103017807006836,38.787689208984375,83.98301696777344,22.90342140197754,39.94242477416992,112.50010681152344
2021-04-15,21.05831527709961,31.721696853637695,30.218053817749023,61.59505081176758,42.086448669433594,26.378129959106445,39.14191436767578,84.64047241210938,23.163536071777344,41.092185974121094,113.7104721069336
2021-04-16,21.08240509033203,31.793594360351562,30.67748260498047,61.66555404663086,42.29022216796875,26.548051834106445,39.2937126159668,84.15412902832031,23.383630752563477,41.06856155395508,114.10477447509766
2021-04-19,20.978031158447266,31.559946060180664,30.56478500366211,61.07500076293945,42.7181510925293,26.726062774658203,39.03226852416992,84.11809539794922,23.523693084716797,40.840187072753906,113.63713073730469
2021-04-20,20.576616287231445,30.984827041625977,30.114028930664062,59.75283432006836,42.77249526977539,26.2163028717041,38.99853515625,83.93797302246094,23.356950759887695,39.777042388916016,112.51844787597656
2021-04-21,20.945919036865234,31.497037887573242,30.252729415893555,60.264076232910156,43.098533630371094,26.41858673095703,39.529869079589844,83.73084259033203,23.41030502319336,40.540924072265625,113.49041748046875
2021-04-22,20.80944061279297,31.290359497070312,30.19205093383789,60.36983871459961,42.55513381958008,26.103017807006836,39.59734344482422,82.33486938476562,23.610397338867188,39.67467498779297,112.71101379394531
2021-04-23,21.066347122192383,31.47907066345215,30.46076774597168,60.90752029418945,43.34986114501953,26.264848709106445,39.87566375732422,83.61375427246094,23.70377540588379,40.147178649902344,113.90304565429688
2021-04-26,21.178739547729492,31.80257797241211,30.512779235839844,60.678348541259766,44.31439208984375,26.410493850708008,39.62264633178711,84.28922271728516,23.877178192138672,39.96604537963867,114.12310791015625
2021-04-27,21.05831527709961,31.838529586791992,30.46944236755371,59.937931060791016,44.158164978027344,26.40240478515625,39.108177185058594,83.87493133544922,23.637073516845703,39.682552337646484,114.04058074951172
2021-04-28,21.242965698242188,32.37770080566406,30.599464416503906,59.92030715942383,44.212501525878906,26.539955139160156,39.19252014160156,83.6587905883789,24.430761337280273,40.58030319213867,114.11393737792969
2021-04-29,21.138599395751953,32.35074234008789,30.400087356567383,59.97319030761719,44.38231658935547,26.588504791259766,39.378055572509766,83.4876708984375,24.370737075805664,40.23380661010742,114.48072052001953
2021-04-30,20.777320861816406,32.00027847290039,30.010009765625,59.426692962646484,43.83892059326172,26.321487426757812,38.34068298339844,81.56033325195312,23.717117309570312,38.84779739379883,113.34370422363281
2021-05-03,21.05028533935547,32.18001174926758,30.348073959350586,60.13185501098633,43.35665512084961,26.7017879486084,38.92263412475586,81.39822387695312,23.810482025146484,38.997413635253906,113.93972778320312
2021-05-04,20.921833038330078,32.1260871887207,29.524585723876953,59.373809814453125,42.07965850830078,26.426677703857422,38.652740478515625,81.37120819091797,23.490345001220703,38.58790969848633,112.83937072753906
2021-05-05,21.21085548400879,32.42264175415039,29.966672897338867,60.087772369384766,42.12041473388672,26.839340209960938,38.56840896606445,81.59635925292969,24.163970947265625,39.34392166137695,113.28868865966797
2021-05-06,21.242965698242188,32.701210021972656,30.200721740722656,60.57257080078125,42.79966354370117,27.049718856811523,39.21781921386719,83.08238220214844,24.684200286865234,40.25742721557617,114.16895294189453
2021-05-07,21.48381805419922,33.078636169433594,30.75550079345703,60.872257232666016,43.784576416015625,27.421924591064453,39.68168640136719,84.29822540283203,25.351160049438477,41.092185974121094,115.28763580322266
2021-05-10,21.54001808166504,33.078636169433594,30.434764862060547,60.74885177612305,42.840415954589844,27.446203231811523,40.06121063232422,84.05506896972656,25.27779769897461,40.540924072265625,114.26065826416016
2021-05-11,21.355365753173828,32.880943298339844,30.062023162841797,59.71757125854492,41.135494232177734,27.033531188964844,39.68168640136719,82.98332214355469,25.551250457763672,40.690555572509766,113.0686264038086
2021-05-12,20.98606300354004,32.54844665527344,29.801977157592773,57.672630310058594,38.62226486206055,26.952625274658203,38.80454635620117,79.41686248779297,24.47744369506836,39.651039123535156,110.80375671386719
2021-05-13,21.074373245239258,32.61134719848633,30.114028930664062,58.14861297607422,39.45774459838867,26.9849853515625,39.33589553833008,80.35350036621094,24.6641902923584,39.107666015625,112.04163360595703
2021-05-14,21.275083541870117,33.105594635009766,30.7034854888916,59.0653076171875,39.980770111083984,27.381465911865234,39.73228454589844,81.53331756591797,25.004343032836914,40.029052734375,113.8388442993164
2021-05-17,21.234939575195312,33.42011260986328,30.7034854888916,58.571693420410156,38.6358528137207,27.48666000366211,40.111820220947266,80.01126098632812,25.27779769897461,40.485801696777344,113.4354019165039
2021-05-18,21.17071533203125,33.474037170410156,30.712156295776367,59.31210708618164,40.673606872558594,27.365285873413086,40.38169860839844,81.38922119140625,25.34449577331543,40.674808502197266,113.08697509765625
2021-05-19,20.80141258239746,33.159515380859375,30.304738998413086,59.01242446899414,40.40190124511719,27.114456176757812,39.93470001220703,81.12804412841797,25.011014938354492,40.218055725097656,112.47261810302734
2021-05-20,21.307191848754883,33.55491256713867,30.83350944519043,59.55009841918945,40.721153259277344,27.454288482666016,40.54193878173828,81.59635925292969,25.137737274169922,40.517303466796875,113.8572006225586
2021-05-21,21.11451530456543,33.50998306274414,30.83350944519043,59.87622833251953,40.19812774658203,27.349102020263672,40.29735565185547,80.60567474365234,24.690872192382812,40.0920524597168,113.8663558959961
2021-05-24,21.267053604125977,33.77058029174805,31.154239654541016,60.14067077636719,41.23738098144531,27.462385177612305,40.19615173339844,81.4432601928711,25.13106918334961,40.210182189941406,114.89334869384766
2021-05-25,21.315221786499023,33.54592514038086,31.11956787109375,59.999629974365234,41.617767333984375,27.276277542114258,39.774452209472656,82.14574432373047,24.78424835205078,40.682682037353516,114.67327117919922
2021-05-26,21.34733772277832,33.725650787353516,30.946199417114258,60.13185501098633,41.79436492919922,27.26009178161621,39.96000289916992,82.46996307373047,25.151073455810547,41.14731216430664,114.83833312988281
2021-05-27,21.467761993408203,33.97726821899414,30.894187927246094,60.17593002319336,41.68568801879883,27.413837432861328,40.20458984375,81.7674789428711,25.477886199951172,41.34418869018555,114.93920135498047
2021-05-28,21.467761993408203,34.03118896484375,31.015541076660156,60.44916534423828,42.35814666748047,27.34101676940918,40.575679779052734,82.88424682617188,25.951425552368164,41.80881881713867,115.16841125488281
2021-06-01,21.564102172851562,34.264835357666016,31.292936325073242,60.07015609741211,43.42457962036133,27.54330062866211,41.047977447509766,84.1721420288086,26.89851188659668,42.808963775634766,115.28763580322266
2021-06-02,21.772838592529297,34.34571075439453,31.310266494750977,60.625457763671875,43.11891174316406,27.672760009765625,41.12388229370117,83.69481658935547,27.4987735748291,43.60433578491211,115.48934936523438
2021-06-03,21.62833023071289,34.112060546875,31.17157554626465,60.643089294433594,42.92192459106445,27.4381103515625,40.55038070678711,83.50568389892578,27.238664627075195,42.46244812011719,115.01254272460938
2021-06-04,21.9815731048584,34.33671951293945,31.414297103881836,61.30417251586914,43.35665512084961,27.599939346313477,40.87086486816406,84.47836303710938,27.792240142822266,43.07670974731445,116.06704711914062
2021-06-07,21.941434860229492,34.34571075439453,31.622333526611328,61.54215621948242,43.01702880859375,27.608028411865234,42.11909103393555,84.0640640258789,27.91228485107422,42.60420227050781,116.25960540771484
2021-06-08,21.97354507446289,34.30077362060547,31.4749755859375,61.24247741699219,42.71135711669922,27.656578063964844,41.92510986328125,83.4966812133789,27.77223014831543,42.1947021484375,116.26876068115234
2021-06-09,21.764812469482422,34.148014068603516,31.292936325073242,60.81056213378906,42.602684020996094,27.470474243164062,41.78173828125,82.45195770263672,27.605491638183594,41.96632766723633,116.06704711914062
2021-06-10,21.98950958251953,34.24113845825195,31.304399490356445,61.07250213623047,43.125701904296875,27.58238410949707,41.98318862915039,83.46965789794922,27.690813064575195,42.42811965942383,116.52637481689453
2021-06-11,21.973228454589844,34.1959342956543,31.4013671875,61.16129684448242,43.146080017089844,27.76342010498047,41.9406852722168,83.43363189697266,27.291269302368164,41.56175231933594,116.8591079711914
2021-06-14,22.022071838378906,34.349647521972656,31.454261779785156,61.14353561401367,43.20042419433594,27.788101196289062,41.62617492675781,83.73084259033203,27.656959533691406,41.609439849853516,117.06242370605469
2021-06-15,21.98950958251953,34.376766204833984,31.507160186767578,61.436553955078125,43.24117660522461,27.837474822998047,41.37966537475586,83.6407699584961,27.758543014526367,41.076908111572266,116.83137512207031
2021-06-16,21.89181137084961,34.14168167114258,31.110448837280273,61.33888626098633,42.81324768066406,27.65644645690918,40.53812789916992,82.74915313720703,27.433481216430664,40.34565734863281,116.21212768554688
2021-06-17,21.712703704833984,33.77096939086914,30.907695770263672,61.1080322265625,43.13249588012695,27.417814254760742,40.1726188659668,82.60505676269531,27.270950317382812,39.757484436035156,116.0180435180664
2021-06-18,21.175386428833008,33.33696746826172,30.3082332611084,59.71396255493164,42.487205505371094,26.65254783630371,39.79860305786133,82.04667663574219,27.176143646240234,38.636775970458984,114.24353790283203
2021-06-21,21.460329055786133,33.798091888427734,30.784269332885742,60.34439468383789,42.57551193237305,27.14626693725586,40.08761215209961,82.9112777709961,27.650188446044922,39.07392883300781,115.7869873046875
2021-06-22,21.460329055786133,33.98796844482422,30.784269332885742,60.415428161621094,42.16116714477539,27.1627254486084,40.06211471557617,82.83021545410156,27.893980026245117,38.3903694152832,116.21212768554688
2021-06-23,21.2730770111084,33.924678802490234,30.502172470092773,59.953697204589844,42.561920166015625,27.1627254486084,40.33412170410156,83.17245483398438,27.826255798339844,38.636775970458984,115.91636657714844
2021-06-24,21.44404411315918,33.97892761230469,30.80190086364746,60.47757339477539,42.9694709777832,27.28615951538086,41.07365036010742,84.16313171386719,28.415422439575195,39.12956619262695,116.84061431884766
2021-06-25,21.460329055786133,34.08743667602539,30.8724308013916,60.75284957885742,43.15287399291992,27.351985931396484,41.27766036987305,84.66748046875,27.79239845275879,39.42365646362305,117.14561462402344
2021-06-28,21.305641174316406,33.834259033203125,30.740192413330078,60.50423049926758,43.49929428100586,27.031064987182617,41.03115463256836,84.15412902832031,27.88043212890625,38.50960159301758,117.08090209960938
2021-06-29,21.321924209594727,33.74384307861328,30.854799270629883,60.54862594604492,43.34986114501953,26.98992156982422,41.03965377807617,83.83890533447266,27.765308380126953,39.08187484741211,117.17333221435547
2021-06-30,21.150959014892578,33.698631286621094,30.502172470092773,59.97146224975586,43.43815994262695,26.90764045715332,40.793148040771484,83.91996765136719,27.45379638671875,38.83548355102539,116.97924041748047
2021-07-01,21.077688217163086,34.02413558959961,30.572696685791016,59.927059173583984,43.37023162841797,27.0804386138916,40.77614212036133,83.3976058959961,26.8781795501709,38.652671813964844,117.43212127685547
2021-07-02,21.28936004638672,34.02413558959961,30.678482055664062,60.29999542236328,43.580806732177734,27.18741226196289,41.14166259765625,83.75785827636719,27.270950317382812,39.02623748779297,118.15300750732422
2021-07-06,21.004417419433594,33.76192855834961,30.334674835205078,60.0780143737793,43.757408142089844,27.014612197875977,40.50413513183594,83.14543151855469,25.95718002319336,38.414222717285156,117.8202896118164
2021-07-07,21.232370376586914,33.64438247680664,30.634403228759766,60.10465621948242,43.81174850463867,27.195636749267578,40.68263626098633,82.47897338867188,26.234830856323242,38.946754455566406,118.25468444824219
2021-07-08,20.90672492980957,33.16517639160156,30.220067977905273,59.17231369018555,43.20042419433594,26.759521484375,40.13861846923828,80.6417007446289,25.821739196777344,38.151920318603516,116.93303680419922
2021-07-09,21.264936447143555,33.68959045410156,30.784269332885742,60.76171875,43.784576416015625,27.294382095336914,40.67413330078125,81.2451171875,26.1535701751709,38.843421936035156,118.50421905517578
2021-07-12,21.232370376586914,33.68054962158203,30.978214263916016,60.93931198120117,43.934017181396484,27.319068908691406,40.67413330078125,81.8665542602539,26.675016403198242,38.69240951538086,119.01255798339844
2021-07-13,21.110254287719727,33.572052001953125,30.73137855529785,60.74397659301758,43.784576416015625,27.21209716796875,39.91761016845703,81.6594009399414,26.70210075378418,37.32529830932617,118.39330291748047
2021-07-14,21.191665649414062,33.382171630859375,30.86360740661621,61.045860290527344,44.015525817871094,27.138038635253906,40.69963836669922,82.20877838134766,27.277725219726562,38.6844596862793,118.67057800292969
2021-07-15,20.988136291503906,33.23750686645508,30.49335479736328,60.29999542236328,43.920433044433594,26.82535171508789,41.14166259765625,82.551025390625,26.966211318969727,38.382423400878906,118.02362060546875
2021-07-16,20.841594696044922,32.84870529174805,30.246519088745117,59.68731689453125,43.77099609375,26.58672332763672,41.18415451049805,81.69542694091797,26.6072940826416,38.14397048950195,117.1640853881836
2021-07-19,20.401962280273438,32.09823989868164,29.594160079956055,58.83489990234375,43.146080017089844,25.870832443237305,39.8921012878418,79.80412292480469,25.618579864501953,37.182228088378906,115.36184692382812
2021-07-20,20.654342651367188,32.61362075805664,29.735212326049805,59.5363655090332,43.26155471801758,26.010717391967773,39.841102600097656,81.00196075439453,25.84882354736328,37.38093566894531,116.83137512207031
2021-07-21,20.963712692260742,33.22846221923828,30.17599105834961,59.96257781982422,43.32268524169922,26.52911949157715,40.30862045288086,80.56964874267578,26.228059768676758,37.89757537841797,118.10679626464844
2021-07-22,20.931142807006836,33.19229507446289,30.246519088745117,59.927059173583984,43.30230712890625,26.46329116821289,40.64013671875,81.23611450195312,26.180654525756836,37.913475036621094,118.2916488647461
2021-07-23,21.077688217163086,33.39122009277344,30.49335479736328,60.26448440551758,43.28193283081055,26.69369125366211,40.793148040771484,81.19108581542969,25.977493286132812,37.476314544677734,119.40070343017578
2021-07-26,21.102113723754883,33.382171630859375,30.484540939331055,60.05137252807617,42.98985290527344,26.841808319091797,41.4306755065918,81.0830078125,26.38381576538086,37.055049896240234,119.47466278076172
2021-07-27,21.061405181884766,33.27367401123047,30.396385192871094,59.722843170166016,42.351356506347656,26.87472152709961,41.58367156982422,80.27244567871094,26.140026092529297,37.03915786743164,119.05875396728516
2021-07-28,21.004417419433594,33.50875473022461,30.458093643188477,60.042484283447266,42.79287338256836,26.89118003845215,41.91519546508789,81.01996612548828,26.82400131225586,37.81809997558594,119.2713394165039
2021-07-29,21.18352508544922,33.85234069824219,30.687297821044922,60.2467155456543,43.51287841796875,27.21209716796875,42.280704498291016,81.60537719726562,26.851089477539062,38.644718170166016,119.89054870605469
2021-07-30,20.97999382019043,33.75288772583008,30.431642532348633,59.58964538574219,43.19363021850586,26.98169708251953,41.668678283691406,79.93021392822266,25.32737922668457,38.47780227661133,119.0679931640625
2021-08-02,21.134675979614258,33.68054962158203,30.49335479736328,60.16680908203125,43.29551696777344,27.07221221923828,41.5496711730957,79.91220092773438,25.747249603271484,38.7559928894043,119.25283813476562
2021-08-03,21.305641174316406,33.698631286621094,30.572696685791016,60.610774993896484,43.74382019042969,27.393129348754883,42.36570358276367,81.10102081298828,25.814966201782227,39.296478271484375,120.03844451904297
2021-08-04,21.28936004638672,33.62629699707031,30.66085433959961,59.98921585083008,44.1717529296875,27.319068908691406,41.69417953491211,82.2177963256836,25.489912033081055,38.99444580078125,119.65949249267578
2021-08-05,21.44404411315918,33.843299865722656,30.810718536376953,60.34439468383789,44.33477020263672,27.426040649414062,41.81317901611328,82.41593933105469,25.259658813476562,38.66061782836914,120.38963317871094
2021-08-06,21.44404411315918,33.89755630493164,30.625587463378906,60.220088958740234,43.94081115722656,27.351985931396484,41.51566696166992,81.40723419189453,25.4425048828125,38.30293655395508,120.195556640625
2021-08-09,21.362634658813477,33.7890510559082,30.546247482299805,60.184566497802734,43.737030029296875,27.327295303344727,41.16715621948242,81.32618713378906,25.361242294311523,38.01679992675781,120.21405792236328
2021-08-10,21.476606369018555,34.01509475708008,30.616775512695312,60.220088958740234,43.32268524169922,27.467187881469727,41.44766616821289,80.16437530517578,25.456050872802734,37.99296188354492,120.35266876220703
2021-08-11,21.582447052001953,34.186893463134766,30.74901008605957,60.96595764160156,43.3294792175293,27.722267150878906,41.91519546508789,79.60598754882812,25.408647537231445,38.70035934448242,120.78704833984375
2021-08-12,21.517314910888672,34.11455535888672,30.925323486328125,60.76171875,43.1800422668457,27.598840713500977,41.71968078613281,78.65132904052734,24.948143005371094,38.22345733642578,121.03660583496094
2021-08-13,21.663856506347656,34.09646987915039,31.154529571533203,60.94819259643555,42.63664245605469,27.746959686279297,42.1786994934082,77.76871490478516,25.049728393554688,38.50960159301758,121.40628814697266
2021-08-16,21.435903549194336,33.89755630493164,30.995845794677734,60.530853271484375,42.4124870300293,27.516555786132812,42.110694885253906,77.4084701538086,24.575685501098633,38.49370193481445,121.36931610107422
2021-08-17,20.91486358642578,33.544918060302734,30.71375274658203,60.02473831176758,41.14908218383789,27.351985931396484,42.07669448852539,75.61624145507812,24.358983993530273,37.64323806762695,120.44509887695312
2021-08-18,20.752038955688477,33.35505294799805,30.74901008605957,59.71396255493164,41.78757858276367,27.20387077331543,42.42521286010742,75.99449157714844,23.600509643554688,37.436580657958984,119.45616912841797
2021-08-19,20.581073760986328,32.740196228027344,30.42283058166504,59.14567184448242,40.94530487060547,26.784204483032227,41.49867248535156,74.75164031982422,23.33640480041504,36.36355209350586,119.01255798339844
2021-08-20,20.621780395507812,32.98433303833008,30.510986328125,59.19007873535156,41.18983459472656,26.90764045715332,41.269161224365234,74.4094009399414,23.60728645324707,35.80717086791992,119.87206268310547
2021-08-23,20.82530975341797,33.65342712402344,30.740192413330078,59.97146224975586,42.10003662109375,27.088666915893555,41.86418533325195,75.60722351074219,23.553110122680664,36.896087646484375,121.00885772705078
2021-08-24,21.004417419433594,33.89755630493164,30.84598731994629,60.50423049926758,42.18833923339844,27.12158203125,41.98318862915039,76.99418640136719,24.575685501098633,37.50811004638672,121.24918365478516
2021-08-25,21.061405181884766,33.94276428222656,30.77545928955078,60.3888053894043,42.84720993041992,27.245010375976562,42.136199951171875,77.0392074584961,24.948143005371094,37.32529830932617,121.44326782226562
2021-08-26,20.866016387939453,33.51780319213867,30.572696685791016,60.0780143737793,42.52116775512695,27.0804386138916,41.91519546508789,76.07555389404297,24.379297256469727,37.36504364013672,120.79630279541016
2021-08-27,21.175386428833008,33.96084976196289,30.8724308013916,60.49533462524414,43.431365966796875,27.319068908691406,42.4762077331543,77.18331909179688,25.042953491210938,38.374473571777344,121.84069061279297
2021-08-30,21.167240142822266,33.90659713745117,30.96058464050293,60.415428161621094,43.737030029296875,27.3026123046875,42.75672149658203,76.54386901855469,24.860109329223633,38.06449508666992,122.20112609863281
2021-08-31,21.102113723754883,33.76192855834961,30.810718536376953,60.735084533691406,44.124202728271484,27.1627254486084,43.44525146484375,78.07494354248047,24.650178909301758,39.280582427978516,122.01628875732422
2021-09-01,21.313785552978516,33.97892761230469,30.890060424804688,61.720699310302734,44.23967742919922,27.327295303344727,42.79072570800781,78.966552734375,24.819477081298828,39.41571044921875,122.4137191772461
2021-09-02,21.492891311645508,34.376766204833984,31.022293090820312,62.004844665527344,44.19892120361328,27.516555786132812,42.9182243347168,77.9938735961914,24.345436096191406,38.414222717285156,122.8018569946289
2021-09-03,21.60686683654785,34.449100494384766,30.96058464050293,63.76295852661133,44.55892562866211,27.541244506835938,42.773719787597656,78.98455047607422,24.2777156829834,39.10572052001953,122.9682388305664
2021-09-07,21.492891311645508,34.05126190185547,30.942955017089844,64.42891693115234,44.3415641784668,27.277931213378906,42.86722183227539,77.84077453613281,24.42670440673828,38.85137939453125,122.65397644042969
2021-09-08,21.370773315429688,33.834259033203125,30.510986328125,64.15365600585938,43.50608444213867,27.12158203125,42.38270568847656,76.53487396240234,23.03166389465332,38.70830535888672,122.26580810546875
2021-09-09,21.159101486206055,33.90659713745117,30.440458297729492,64.72193908691406,43.913639068603516,26.92409896850586,42.391204833984375,75.32803344726562,23.78335952758789,37.87373733520508,121.84990692138672
2021-09-10,21.004417419433594,33.6715087890625,30.396385192871094,64.6509017944336,44.26005554199219,26.940553665161133,42.51020812988281,75.30101776123047,23.431209564208984,37.61144256591797,121.15673828125
2021-09-13,21.175386428833008,33.780006408691406,30.616775512695312,65.5388412475586,44.46382522583008,27.170955657958984,42.64621353149414,75.86840057373047,23.93911361694336,38.3903694152832,121.57263946533203
2021-09-14,20.963712692260742,33.51780319213867,30.572696685791016,65.17479705810547,44.27363967895508,26.940553665161133,42.858726501464844,75.97648620605469,23.702089309692383,38.151920318603516,120.99038696289062
2021-09-15,21.167240142822266,33.96988296508789,30.546247482299805,65.81411743164062,44.2872200012207,27.138038635253906,43.351741790771484,76.74199676513672,23.573427200317383,38.28704071044922,121.72051239013672
2021-09-16,21.102113723754883,33.6715087890625,30.466909408569336,65.66314697265625,43.94759750366211,27.07221221923828,43.19873809814453,75.31002044677734,23.18741798400879,37.055049896240234,121.544921875
2021-09-17,20.711332321166992,33.23750686645508,30.00849151611328,65.20142364501953,43.669105529785156,26.627864837646484,42.2467041015625,74.82369232177734,22.55084800720215,36.68148422241211,120.29723358154297
2021-09-20,20.174009323120117,32.55937194824219,29.232715606689453,64.26020812988281,42.29701614379883,26.20820426940918,41.473175048828125,72.99542236328125,21.887191772460938,35.92639923095703,118.263916015625
2021-09-21,20.410104751586914,32.695003509521484,29.576528549194336,64.83737182617188,42.5279655456543,26.422149658203125,41.5496711730957,73.04045104980469,22.320600509643555,36.737125396728516,118.46723937988281
2021-09-22,20.540363311767578,33.10188674926758,29.849817276000977,64.36676025390625,42.996646881103516,26.726606369018555,42.136199951171875,73.84201049804688,22.65242576599121,37.134544372558594,119.5116195678711
2021-09-23,20.849733352661133,33.51780319213867,30.255334854125977,64.73970031738281,43.621559143066406,27.03929328918457,42.314701080322266,75.61624145507812,22.96394157409668,37.73066711425781,120.89794921875
2021-09-24,20.621780395507812,33.36408996582031,29.946786880493164,64.51771545410156,43.458534240722656,26.8006649017334,41.88118362426758,74.31033325195312,22.638885498046875,36.90403747558594,120.68537139892578
2021-09-27,20.743896484375,33.635345458984375,29.99086570739746,64.46443176269531,43.60118103027344,26.940553665161133,42.27219772338867,74.75164031982422,22.577938079833984,37.16633224487305,120.43584442138672
2021-09-28,20.133304595947266,33.002418518066406,29.364953994750977,63.07037353515625,42.643436431884766,26.446834564208984,41.27766036987305,72.95038604736328,21.75852394104004,36.737125396728516,117.86650848388672
2021-09-29,20.076316833496094,32.83062744140625,29.22390365600586,63.03483963012695,42.00493621826172,26.496204376220703,40.946144104003906,72.10379791259766,21.893962860107422,36.824554443359375,117.85724639892578
2021-09-30,20.20657730102539,32.82158660888672,29.021141052246094,62.37776565551758,42.12041473388672,26.537349700927734,41.022647857666016,72.6441879272461,21.75852394104004,37.38093566894531,116.8775863647461
2021-10-01,20.304269790649414,33.119964599609375,29.038768768310547,62.0936393737793,42.02531814575195,26.65254783630371,41.252159118652344,72.49108123779297,22.40186882019043,37.4842643737793,117.82952880859375
2021-10-04,20.393823623657227,33.13804626464844,28.809566497802734,60.37102508544922,40.958892822265625,26.701921463012695,40.88664627075195,71.47337341308594,21.704345703125,37.19017791748047,116.46168518066406
2021-10-05,20.613637924194336,33.36408996582031,28.87127685546875,60.708457946777344,41.26455307006836,26.882949829101562,40.912147521972656,71.0500717163086,21.5756778717041,37.492210388183594,117.39514923095703
2021-10-06,20.458951950073242,33.33696746826172,28.545093536376953,60.184566497802734,41.14228820800781,26.71015167236328,40.8271369934082,69.510009765625,21.677257537841797,37.68297576904297,117.6261978149414
2021-10-07,20.71947479248047,33.86138153076172,28.82719612121582,60.530853271484375,41.90984344482422,26.858264923095703,40.67413330078125,70.68083190917969,21.568904876708984,38.056541442871094,118.61511993408203
2021-10-08,20.735755920410156,34.09646987915039,28.8536434173584,60.25559616088867,41.59059143066406,26.98169708251953,40.844146728515625,70.20348358154297,21.995540618896484,38.3267822265625,118.48573303222656
2021-10-11,20.752038955688477,34.00605392456055,28.650882720947266,60.5219841003418,41.51587677001953,26.973464965820312,40.72513961791992,70.05939483642578,21.75852394104004,37.98501205444336,117.85724639892578
2021-10-12,20.874155044555664,34.13263702392578,28.668514251708984,60.131290435791016,40.94530487060547,27.047521591186523,41.07365036010742,68.87056732177734,21.704345703125,38.358577728271484,117.65393829345703
2021-10-13,20.963712692260742,34.503353118896484,29.047590255737305,60.09577560424805,40.9249267578125,27.343751907348633,41.48167037963867,70.50069427490234,22.056493759155273,38.93086242675781,118.31938171386719
2021-10-14,21.19980812072754,35.000640869140625,29.417848587036133,60.6640510559082,41.42078399658203,27.541244506835938,41.61767578125,71.60845947265625,21.98876953125,39.01034164428711,120.20478057861328
2021-10-15,21.297500610351562,35.25381851196289,29.647052764892578,61.30337142944336,42.03211212158203,27.771644592285156,42.5697135925293,72.38298797607422,22.523761749267578,39.69389724731445,121.07356262207031
2021-10-18,21.191665649414062,35.30805969238281,29.488367080688477,61.001468658447266,41.88267517089844,27.598840713500977,42.34870529174805,71.72554779052734,22.252880096435547,39.14546203613281,121.24918365478516
2021-10-19,21.48474884033203,35.56124496459961,29.602975845336914,61.383277893066406,42.5890998840332,27.82101821899414,42.408203125,73.04045104980469,21.270938873291016,39.821067810058594,122.0994644165039
2021-10-20,21.680139541625977,35.8505744934082,29.647052764892578,61.32112503051758,42.466827392578125,27.862157821655273,42.5697135925293,72.63517761230469,21.413148880004883,40.26617431640625,122.47840118408203
2021-10-21,21.476606369018555,35.71494674682617,29.567712783813477,60.25559616088867,42.324188232421875,27.746959686279297,42.00869369506836,72.24790954589844,20.383804321289062,38.875221252441406,122.59854125976562
2021-10-22,21.60686683654785,35.769195556640625,29.779285430908203,60.75284957885742,42.15436935424805,27.76342010498047,42.10219192504883,72.3740005493164,20.370258331298828,38.71625518798828,122.68171691894531
2021-10-25,21.73712921142578,35.82344436645508,29.805734634399414,60.779476165771484,42.49399948120117,27.779870986938477,42.136199951171875,73.34666442871094,21.12872314453125,39.07392883300781,123.02368927001953
2021-10-26,21.696422576904297,35.55219650268555,29.964420318603516,60.78836441040039,42.887962341308594,27.95267677307129,42.289207458496094,73.8780288696289,20.647911071777344,38.803688049316406,123.19004821777344
2021-10-27,21.623149871826172,35.26286697387695,29.832181930541992,60.34439468383789,42.8743782043457,27.804563522338867,41.77068328857422,72.9413833618164,20.7088565826416,38.22345733642578,122.58006286621094
2021-10-28,21.859249114990234,35.805362701416016,30.043764114379883,60.82387924194336,43.28193283081055,27.95267677307129,41.473175048828125,73.03144073486328,20.37702751159668,38.1201286315918,123.71685028076172
2021-10-29,21.541736602783203,35.42561340332031,29.770475387573242,60.735084533691406,42.80645751953125,27.71404457092285,41.09915542602539,71.59043884277344,19.855579376220703,37.38093566894531,123.6983642578125
2021-11-01,21.549882888793945,35.841529846191406,30.131916046142578,61.64966583251953,43.07136154174805,27.886844635009766,40.9631462097168,71.90565490722656,20.173866271972656,37.40478515625,124.22518920898438
2021-11-02,21.305641174316406,35.56124496459961,30.27296257019043,61.578636169433594,42.98985290527344,27.67290496826172,40.8271369934082,72.45504760742188,19.808177947998047,37.245811462402344,124.48397827148438
2021-11-03,21.468469619750977,35.81440353393555,30.572696685791016,61.951560974121094,43.3294792175293,27.804563522338867,41.507171630859375,71.59945678710938,20.343168258666992,38.19166564941406,125.34346771240234
2021-11-04,21.362634658813477,35.669742584228516,30.431642532348633,62.39553451538086,43.146080017089844,27.475412368774414,41.66017150878906,71.6624984741211,19.82172203063965,38.207557678222656,125.62076568603516
2021-11-05,21.517314910888672,35.8596076965332,30.440458297729492,62.47544479370117,43.51287841796875,27.590612411499023,42.22119903564453,71.57244110107422,20.282222747802734,38.47780227661133,126.02741241455078
2021-11-08,21.558025360107422,36.04045104980469,30.361125946044922,62.342254638671875,44.03590393066406,27.664670944213867,42.42521286010742,71.73455810546875,20.26190185546875,38.676513671875,126.110595703125
2021-11-09,21.39519691467285,36.04045104980469,30.369935989379883,61.951560974121094,44.19892120361328,27.590612411499023,42.36570358276367,71.23921203613281,20.593732833862305,38.255245208740234,125.73167419433594
2021-11-10,21.134675979614258,35.696861267089844,29.964420318603516,60.983707427978516,43.81854248046875,27.450729370117188,41.439170837402344,69.99635314941406,20.60727882385254,37.333248138427734,124.49319458007812
2021-11-11,21.036985397338867,35.678775787353516,30.043764114379883,61.33888626098633,44.04948425292969,27.598840713500977,41.37116622924805,70.83393096923828,21.304798126220703,38.29499435424805,124.76122283935547
2021-11-12,21.22422981262207,36.16703414916992,30.070205688476562,62.22682189941406,44.3415641784668,27.574159622192383,41.46466827392578,71.79759979248047,20.89847755432129,37.953216552734375,125.7224349975586
2021-11-15,21.24051284790039,36.076622009277344,29.937971115112305,62.17354965209961,44.46382522583008,27.549468994140625,41.23516082763672,71.92367553710938,20.89847755432129,38.485755920410156,125.62076568603516
2021-11-16,21.11839485168457,36.0042839050293,30.00849151611328,62.04924774169922,44.55892562866211,27.483646392822266,40.81013870239258,71.77958679199219,20.404117584228516,37.98501205444336,125.92575073242188
2021-11-17,20.776464462280273,35.74207305908203,30.07901954650879,61.7917366027832,44.88496398925781,27.500097274780273,40.81013870239258,70.86095428466797,20.119691848754883,37.90552520751953,125.5930404663086
2021-11-18,20.792743682861328,35.83249282836914,30.1848087310791,61.951560974121094,45.27214431762695,27.442495346069336,40.41062545776367,70.45567321777344,19.740461349487305,37.492210388183594,125.89802551269531
2021-11-19,20.621780395507812,35.48890686035156,29.788105010986328,62.07587814331055,44.96647262573242,27.154499053955078,40.18111801147461,70.63579559326172,19.75400161743164,36.792762756347656,125.34346771240234
2021-11-22,20.597354888916016,35.12723159790039,29.488367080688477,61.756221771240234,44.85100555419922,27.138038635253906,39.66259765625,72.07678985595703,19.747230529785156,36.43508529663086,124.69654083251953
2021-11-23,20.866016387939453,35.36231994628906,29.34732437133789,61.82725524902344,44.56571578979492,27.343751907348633,39.65409851074219,71.5184097290039,19.99779510498047,36.53046417236328,124.70575714111328
2021-11-24,20.784605026245117,35.543155670166016,29.038768768310547,61.07250213623047,44.62005615234375,27.25324058532715,39.1270751953125,71.32026672363281,20.194183349609375,35.92639923095703,124.79817962646484
2021-11-26,19.994903564453125,34.53047561645508,28.183652877807617,59.45645523071289,43.24796676635742,26.397462844848633,37.597015380859375,68.23113250732422,19.896211624145508,33.724708557128906,121.9977798461914
2021-11-29,20.14958381652832,34.60280990600586,28.236549377441406,59.62516403198242,43.97476577758789,26.603178024291992,37.97102737426758,68.780517578125,19.869129180908203,34.7261962890625,123.06988525390625
2021-11-30,19.913488388061523,33.798091888427734,28.042600631713867,58.897056579589844,43.94081115722656,26.36454963684082,38.51506042480469,68.2041244506836,19.63210678100586,35.679996490478516,121.16600799560547
2021-12-01,19.742521286010742,33.32792663574219,28.007339477539062,58.586280822753906,44.40948486328125,26.175289154052734,38.727561950683594,69.64511108398438,19.31382179260254,35.53692626953125,119.73344421386719
2021-12-02,20.076316833496094,33.924678802490234,28.245363235473633,59.46533203125,44.98006057739258,26.726606369018555,39.83260726928711,71.20318603515625,20.12646484375,36.32380676269531,121.43402099609375
2021-12-03,19.791370391845703,33.59917449951172,28.051422119140625,59.81162643432617,44.687984466552734,26.537349700927734,39.69660186767578,70.86995697021484,20.160324096679688,36.371498107910156,120.5190200805664
2021-12-06,20.076316833496094,34.23210144042969,28.333518981933594,59.847145080566406,44.9732666015625,26.932323455810547,39.611595153808594,71.85163116455078,20.451520919799805,36.753021240234375,121.76671600341797
2021-12-07,20.458951950073242,35.03681564331055,29.047590255737305,61.241214752197266,45.618560791015625,27.277931213378906,40.39362716674805,72.97740173339844,20.803667068481445,37.30939865112305,124.30834197998047
2021-12-08,20.638059616088867,34.80173110961914,29.0564022064209,61.17018127441406,45.59138488769531,27.31083869934082,40.691139221191406,73.18456268310547,21.189672470092773,37.51605987548828,124.73352813720703
2021-12-09,20.515941619873047,34.42197799682617,28.668514251708984,60.67293930053711,45.292518615722656,27.170955657958984,40.750640869140625,72.73424530029297,20.63436508178711,36.5702018737793,123.66139221191406
2021-12-10,20.548507690429688,34.38581085205078,28.809566497802734,60.76171875,45.42158126831055,27.20387077331543,40.86964797973633,72.71622467041016,20.776580810546875,36.12510681152344,124.38229370117188
2021-12-13,20.32021713256836,33.816253662109375,28.717782974243164,60.1751708984375,44.605369567871094,26.887741088867188,40.014705657958984,71.76797485351562,20.56226921081543,35.58553695678711,123.29789733886719
2021-12-14,20.236597061157227,33.642269134521484,28.46184539794922,60.10321044921875,44.37515640258789,26.862384796142578,40.376678466796875,71.44605255126953,20.3740234375,35.80232620239258,122.31119537353516
2021-12-15,20.46237564086914,33.944454193115234,28.78838539123535,61.13776397705078,45.03788757324219,26.9807186126709,40.79896926879883,72.38419342041016,20.43918228149414,36.243934631347656,124.17284393310547
2021-12-16,20.34530258178711,34.05432891845703,28.744258880615234,61.20973205566406,44.856510162353516,27.18358612060547,41.307456970214844,71.95191955566406,20.721553802490234,36.66948699951172,123.57711029052734
2021-12-17,20.111164093017578,33.68806076049805,28.31181526184082,60.46305847167969,45.00300979614258,26.921552658081055,42.08310317993164,72.26463317871094,20.482624053955078,36.5008659362793,122.2646713256836
2021-12-20,20.127887725830078,33.21189498901367,28.170608520507812,59.95027160644531,44.61234664916992,26.887741088867188,41.695274353027344,70.83902740478516,19.903406143188477,36.25196838378906,121.24073791503906
2021-12-21,20.470739364624023,33.97191619873047,28.497148513793945,60.30112838745117,45.35879135131836,27.251205444335938,41.953826904296875,71.62081146240234,19.925128936767578,36.637367248535156,123.19548797607422
2021-12-22,20.771780014038086,34.42060089111328,28.797210693359375,60.40008544921875,45.71457290649414,27.640024185180664,42.52262878417969,72.11747741699219,20.200254440307617,37.26364517211914,124.2845687866211
2021-12-23,20.905576705932617,34.75025939941406,29.000198364257812,60.633975982666016,45.85409927368164,27.809080123901367,42.85013198852539,72.4485855102539,20.091651916503906,37.42422866821289,125.17816162109375
2021-12-27,21.047731399536133,35.079898834228516,29.256132125854492,60.58000564575195,46.37731170654297,28.16408348083496,43.33274841308594,72.73370361328125,20.366777420043945,37.84174728393555,126.55579376220703
2021-12-28,20.989198684692383,35.015804290771484,29.264955520629883,60.65196990966797,46.5656623840332,28.113367080688477,43.384464263916016,72.48538208007812,20.221973419189453,37.07094955444336,126.42549896240234
2021-12-29,21.0811824798584,34.915077209472656,29.229652404785156,60.36409378051758,46.72611618041992,28.138731002807617,43.255184173583984,72.54975128173828,19.83824348449707,37.16729736328125,126.50924682617188
2021-12-30,21.08877182006836,35.024959564208984,29.146961212158203,60.19317626953125,46.55868911743164,28.01193618774414,43.677486419677734,71.87834167480469,20.36334991455078,37.73737716674805,126.32949829101562
2021-12-31,20.945371627807617,35.18978500366211,29.146961212158203,60.23815155029297,46.467994689941406,28.01193618774414,43.6085319519043,71.62081146240234,20.443462371826172,37.255619049072266,126.0314712524414
2022-01-03,20.97911262512207,35.31797409057617,29.484846115112305,60.30112838745117,46.85865783691406,28.341590881347656,43.453407287597656,71.61161041259766,19.926368713378906,37.80160140991211,126.7113265991211
2022-01-04,21.299663543701172,34.97001647949219,29.573760986328125,61.0927848815918,47.277225494384766,28.527549743652344,43.55683135986328,71.45525360107422,19.838970184326172,37.6088981628418,126.7113265991211
2022-01-05,21.03816032409668,34.539642333984375,29.475955963134766,60.813899993896484,46.712162017822266,28.409212112426758,43.298282623291016,70.06643676757812,19.31459617614746,37.62496566772461,124.58785247802734
2022-01-06,20.66699981689453,34.8051872253418,29.369251251220703,60.36409378051758,46.719139099121094,28.383852005004883,43.47926330566406,69.5237808227539,19.496665954589844,37.881900787353516,124.35501861572266
2022-01-07,20.768224716186523,35.079898834228516,29.440387725830078,59.977264404296875,46.14012145996094,28.721956253051758,43.74642562866211,71.30809020996094,19.860820770263672,37.98627853393555,124.04765319824219
2022-01-10,20.607952117919922,34.95170211791992,29.173635482788086,59.83332443237305,46.244754791259766,28.63743019104004,43.470645904541016,70.19519805908203,19.656896591186523,38.32350158691406,123.5354232788086
2022-01-11,20.869447708129883,35.58352279663086,29.573760986328125,60.30112838745117,46.795875549316406,28.916362762451172,43.539588928222656,71.94271850585938,20.38519859313965,39.303070068359375,124.8207015991211
2022-01-12,21.063467025756836,36.04136657714844,29.79605484008789,61.16474914550781,47.05398941040039,29.186853408813477,44.28937911987305,73.36833190917969,21.011539459228516,40.82862091064453,125.37019348144531
2022-01-13,20.987546920776367,35.73918914794922,29.644893646240234,60.55301284790039,47.23537063598633,29.153043746948242,44.20319747924805,72.0806884765625,20.967838287353516,39.53591537475586,123.85208129882812
2022-01-14,20.751354217529297,35.83076095581055,29.644893646240234,60.481048583984375,47.026084899902344,29.22911262512207,44.18595886230469,71.07815551757812,21.200899124145508,39.776790618896484,123.87068939208984
2022-01-18,20.405498504638672,35.75749969482422,29.084718704223633,59.5274543762207,46.509849548339844,29.07697105407715,43.54821014404297,68.971923828125,21.040672302246094,38.66876220703125,121.6447525024414
2022-01-19,20.498287200927734,35.665931701660156,29.182527542114258,58.789764404296875,46.44706726074219,29.22911262512207,43.02249526977539,69.7445297241211,21.768972396850586,39.79285430908203,120.76927947998047
2022-01-20,20.34644889831543,35.35459899902344,29.022478103637695,58.52887725830078,46.06338119506836,28.924819946289062,42.77256774902344,69.41341400146484,21.94376564025879,40.04978942871094,119.64232635498047
2022-01-21,19.77283477783203,34.42975616455078,28.551218032836914,58.30398178100586,45.100677490234375,28.48528480529785,42.30717086791992,68.5396499633789,21.790821075439453,40.13811111450195,117.52815246582031
2022-01-24,19.612560272216797,34.21915054321289,28.159984588623047,58.052085876464844,45.323909759521484,28.240154266357422,41.61771011352539,67.23361206054688,21.492219924926758,39.03810501098633,117.4443359375
2022-01-25,19.561946868896484,34.402286529541016,27.928800582885742,57.845176696777344,44.891387939453125,28.392305374145508,41.41087341308594,66.24947357177734,22.13312339782715,39.17460632324219,116.28012084960938
2022-01-26,19.38479995727539,34.182525634765625,28.124414443969727,57.04452133178711,44.56351089477539,28.299325942993164,41.22127914428711,65.39411163330078,22.395313262939453,38.59649658203125,115.879638671875
2022-01-27,18.954587936401367,33.9169807434082,27.93768882751465,56.234867095947266,43.600807189941406,28.56136131286621,40.721405029296875,63.65579605102539,22.723051071166992,38.492122650146484,115.26495361328125
2022-01-28,19.038944244384766,34.173370361328125,27.991039276123047,56.45077133178711,43.77520751953125,28.51909637451172,40.81621170043945,64.93423461914062,22.68663787841797,38.749053955078125,117.2953109741211
2022-01-31,19.266700744628906,34.97001647949219,28.462299346923828,57.64727020263672,45.26810073852539,28.645883560180664,41.84178924560547,66.5805892944336,23.02893829345703,40.73227310180664,119.51194763183594
2022-02-01,19.51976776123047,35.418701171875,28.702375411987305,57.665252685546875,45.4425048828125,28.975536346435547,42.38473892211914,67.12325286865234,23.422222137451172,40.74030303955078,120.48986053466797
2022-02-02,19.63786506652832,35.56521224975586,28.773513793945312,58.546878814697266,45.616905212402344,29.237564086914062,42.55710983276367,67.60151672363281,23.261995315551758,40.20234680175781,121.49573516845703
2022-02-03,19.41854476928711,34.96086120605469,28.515649795532227,57.32339859008789,45.058815002441406,28.941726684570312,41.790077209472656,66.2034912109375,23.079919815063477,40.354896545410156,118.87861633300781
2022-02-04,19.494461059570312,35.15314865112305,28.435626983642578,57.77321243286133,44.98208236694336,28.86565399169922,41.60048294067383,66.88410186767578,23.072635650634766,40.07387924194336,119.41880798339844
2022-02-07,19.654735565185547,35.30882263183594,28.435626983642578,57.80919647216797,45.17741394042969,29.026248931884766,41.61771011352539,67.10484313964844,23.342105865478516,39.9775276184082,119.26979064941406
2022-02-08,20.02589988708496,35.49195861816406,28.542325973510742,58.14204788208008,45.63783645629883,29.153043746948242,42.574344635009766,67.30718994140625,23.38580894470215,41.10161590576172,120.12664031982422
2022-02-09,20.34644889831543,35.96811294555664,29.00469398498535,58.94269943237305,46.21685791015625,29.38125991821289,43.298282623291016,68.52125549316406,23.46592140197754,41.438846588134766,121.96142578125
2022-02-10,20.16086769104004,35.63846206665039,28.675701141357422,58.007110595703125,46.007568359375,29.262924194335938,42.86737060546875,67.73027038574219,23.618864059448242,41.1578254699707,120.06144714355469
2022-02-11,19.95841407775879,35.56521224975586,28.07106590270996,57.539306640625,45.52621841430664,29.1276798248291,43.36722183227539,67.0496597290039,23.684410095214844,41.093589782714844,117.94725036621094
2022-02-14,20.000593185424805,35.263031005859375,27.768749237060547,57.539306640625,45.065792083740234,28.823383331298828,42.88459396362305,66.44261932373047,23.86648941040039,41.511112213134766,117.4536361694336
2022-02-15,20.329574584960938,35.574363708496094,28.60456657409668,58.17802810668945,45.84712219238281,29.14458465576172,43.71195602416992,66.95767974853516,24.2597713470459,41.760013580322266,119.49331665039062
2022-02-16,20.548900604248047,35.45532989501953,28.64902687072754,58.18703079223633,46.202903747558594,29.296735763549805,44.2376708984375,67.76705932617188,24.50010871887207,42.868045806884766,119.70753479003906
2022-02-17,20.388628005981445,34.98832702636719,28.10663414001465,57.3323974609375,45.54016876220703,28.992441177368164,43.50511932373047,67.23361206054688,23.968448638916016,42.38629913330078,117.38844299316406
2022-02-18,20.228349685668945,34.56711196899414,27.742076873779297,57.242435455322266,45.66573715209961,28.967084884643555,43.272422790527344,67.12325286865234,23.975730895996094,41.96876907348633,116.5129623413086
2022-02-22,20.34644889831543,34.37482452392578,27.04852294921875,56.783634185791016,45.135555267333984,28.814937591552734,43.48788070678711,66.93008422851562,24.361730575561523,41.32644271850586,115.125244140625
2022-02-23,20.219911575317383,34.13674545288086,26.666181564331055,56.198883056640625,44.891387939453125,28.823383331298828,42.45368576049805,66.0655288696289,24.40542984008789,41.527164459228516,113.45811462402344
2022-02-24,20.06807518005371,33.97191619873047,26.061542510986328,55.87501907348633,44.13098907470703,27.842884063720703,41.721134185791016,64.96183013916016,23.80094337463379,41.23008346557617,114.01693725585938
2022-02-25,20.430803298950195,34.933387756347656,26.746204376220703,57.170467376708984,44.69606018066406,28.924819946289062,43.15177536010742,66.82891845703125,24.077699661254883,41.904544830322266,116.68060302734375
2022-02-28,20.287399291992188,34.99748611450195,25.857036590576172,56.62169647216797,44.5914192199707,28.307783126831055,43.384464263916016,66.59899139404297,23.953882217407227,42.28191375732422,116.0286636352539
2022-03-01,20.110254287719727,34.52133560180664,24.923410415649414,55.84803771972656,44.38212966918945,27.90205192565918,42.858741760253906,65.75281524658203,23.961166381835938,42.33811950683594,114.14732360839844
2022-03-02,20.759788513183594,35.3271369934082,25.110136032104492,56.036956787109375,44.940223693847656,28.510639190673828,43.05696487426758,65.78960418701172,24.747730255126953,43.14104461669922,116.0286636352539
2022-03-03,20.565773010253906,35.19893264770508,24.327667236328125,55.75807189941406,44.39608383178711,27.71609878540039,43.03111267089844,66.24028015136719,25.177427291870117,43.31768798828125,114.78064727783203
2022-03-04,20.894756317138672,35.290496826171875,23.020587921142578,55.03838348388672,43.57987976074219,26.54963493347168,42.28994369506836,64.3731918334961,24.973508834838867,41.824249267578125,113.243896484375
2022-03-07,20.489852905273438,34.850982666015625,22.09585189819336,53.10421371459961,41.410301208496094,26.017120361328125,40.497337341308594,61.72431945800781,24.055845260620117,40.49943161010742,109.853759765625
2022-03-08,20.169301986694336,34.51217269897461,22.82497215270996,52.33953857421875,41.661441802978516,26.34677505493164,41.264366149902344,62.15660095214844,24.208789825439453,40.708187103271484,109.4812240600586
2022-03-09,20.599512100219727,35.20809555053711,24.621091842651367,53.75193405151367,42.7218132019043,27.16667938232422,42.815650939941406,64.61231994628906,24.864259719848633,41.9446907043457,112.85273742675781
2022-03-10,20.78509521484375,35.45532989501953,23.838621139526367,53.52702713012695,42.819480895996094,26.803211212158203,42.419219970703125,62.66245651245117,24.93709373474121,42.482643127441406,112.16352081298828
2022-03-11,20.565773010253906,35.27219772338867,23.74970245361328,52.66340255737305,42.13582229614258,26.625709533691406,42.358882904052734,61.72431945800781,24.303466796875,42.065128326416016,110.7385482788086
2022-03-14,20.312705993652344,34.722782135009766,24.407690048217773,52.7353630065918,41.92653274536133,26.78630828857422,42.0313835144043,61.45759201049805,23.691694259643555,40.84468078613281,110.3008041381836
2022-03-15,20.506723403930664,34.887596130371094,24.656658172607422,53.599002838134766,41.8707275390625,26.989173889160156,42.600196838378906,62.13820266723633,23.189163208007812,41.24614715576172,112.3870620727539
2022-03-16,21.190000534057617,35.574363708496094,25.723661422729492,54.79548263549805,42.84040451049805,27.71609878540039,43.39308166503906,64.86066436767578,23.990297317504883,44.417686462402344,115.33013916015625
2022-03-17,21.400890350341797,36.288604736328125,25.723661422729492,55.30826187133789,43.740333557128906,27.961223602294922,44.349708557128906,65.42169952392578,24.631202697753906,43.90382385253906,116.54090881347656
2022-03-18,21.670825958251953,36.42594909667969,25.70587921142578,56.018959045410156,43.6147575378418,28.180992126464844,45.323577880859375,65.76200866699219,25.23569679260254,43.85564422607422,118.04039001464844
2022-03-21,21.670825958251953,36.819698333740234,25.2879695892334,56.000972747802734,43.30781173706055,28.189437866210938,44.987464904785156,64.40077209472656,25.891170501708984,43.77535629272461,117.91931915283203
2022-03-22,21.915451049804688,36.975364685058594,25.661418914794922,56.17189025878906,43.454307556152344,28.54445457458496,45.754493713378906,65.50447845458984,26.18248748779297,44.208927154541016,119.28841400146484
2022-03-23,21.932321548461914,36.682350158691406,25.030109405517578,55.83903503417969,43.04271697998047,28.282421112060547,45.47008514404297,64.8698501586914,26.56849479675293,44.15272521972656,117.80756378173828
2022-03-24,22.236005783081055,36.80138397216797,25.172374725341797,56.45077133178711,43.43337631225586,28.47682762145996,46.20263671875,65.26535034179688,27.041887283325195,44.8753547668457,119.26049041748047
2022-03-25,22.354101181030273,37.16766357421875,25.172374725341797,56.441776275634766,43.11945343017578,28.62052345275879,46.176795959472656,64.53874206542969,27.449735641479492,44.38557815551758,119.62371063232422
2022-03-28,22.24444007873535,36.96620559692383,25.456907272338867,55.596134185791016,42.819480895996094,28.350040435791016,46.23712158203125,65.19176483154297,27.238529205322266,44.200904846191406,120.15459442138672
2022-03-29,22.505939483642578,37.16766357421875,26.283838272094727,56.69367218017578,43.32176208496094,28.578266143798828,47.00414276123047,66.6817626953125,27.573549270629883,44.77901077270508,122.01728820800781
2022-03-30,22.522808074951172,37.23176193237305,25.945951461791992,56.09992599487305,43.33571243286133,28.696598052978516,47.01276397705078,65.80799865722656,27.48615264892578,45.16440963745117,121.2442626953125
2022-03-31,22.2950496673584,36.819698333740234,25.243507385253906,55.42521286010742,42.86831283569336,28.4345703125,47.374732971191406,65.51367950439453,27.53713607788086,44.586299896240234,119.36292266845703
2022-04-01,22.51437759399414,36.828853607177734,25.43912696838379,55.71309280395508,42.89622116088867,28.679691314697266,47.71084213256836,65.3205337524414,28.505775451660156,45.34907913208008,119.96831512451172
2022-04-04,22.674646377563477,37.19512939453125,25.430234909057617,56.16290283203125,43.551971435546875,28.654338836669922,47.46091079711914,66.24947357177734,28.782533645629883,45.09214401245117,120.82515716552734
2022-04-05,22.55655288696289,36.92958068847656,24.958974838256836,54.696529388427734,43.007835388183594,28.696598052978516,46.6594123840332,65.17337799072266,27.908565521240234,43.87973403930664,119.22322082519531
2022-04-06,22.40471076965332,36.53583908081055,24.53217315673828,53.87787628173828,42.44276809692383,28.730409622192383,46.20263671875,64.3731918334961,27.435176849365234,43.88775634765625,117.91931915283203
2022-04-07,22.37940788269043,36.43511199951172,24.541067123413086,53.68895721435547,41.856773376464844,28.85719871520996,46.047515869140625,63.968505859375,27.507997512817383,43.67097473144531,118.43157958984375
2022-04-08,22.387842178344727,36.52667999267578,24.621091842651367,53.46405792236328,41.73817825317383,28.90791130065918,45.814815521240234,63.37066650390625,27.573549270629883,44.08046340942383,118.08697509765625
2022-04-11,22.151649475097656,36.23365783691406,24.30988311767578,52.62741470336914,40.92894744873047,28.603618621826172,45.88376998901367,62.89239501953125,27.384185791015625,44.048343658447266,116.31737518310547
2022-04-12,22.236005783081055,36.07799530029297,24.0609130859375,51.93471145629883,40.87314224243164,28.459922790527344,45.78034210205078,63.02116012573242,27.347774505615234,43.66293716430664,115.7864990234375
2022-04-13,22.354101181030273,36.45343017578125,24.300989151000977,52.681396484375,41.821895599365234,28.80648422241211,46.107845306396484,64.61231994628906,27.384185791015625,43.1892204284668,117.2487564086914
2022-04-14,22.261308670043945,36.33438491821289,24.15872573852539,52.53745651245117,40.97080612182617,28.823383331298828,45.383907318115234,63.214317321777344,27.122005462646484,42.30600357055664,116.05661010742188
2022-04-18,22.193824768066406,36.361854553222656,24.105375289916992,51.90773010253906,40.329002380371094,28.688146591186523,46.03889465332031,63.16831970214844,27.3040771484375,42.41038513183594,115.66544342041016
2022-04-19,22.472196578979492,36.64572525024414,24.354339599609375,51.916717529296875,40.496429443359375,28.755769729614258,45.832061767578125,63.61899948120117,27.07830238342285,41.679725646972656,117.10903930664062
2022-04-20,22.607166290283203,36.93873977661133,24.638872146606445,52.40251541137695,40.74756622314453,28.882558822631836,45.47870635986328,63.98689651489258,27.165699005126953,41.2220573425293,117.27668762207031
2022-04-21,22.16851806640625,36.123779296875,24.576629638671875,51.970699310302734,40.24528503417969,28.510639190673828,44.59102249145508,62.83721160888672,26.45195960998535,39.92934799194336,115.5257339477539
2022-04-22,21.333402633666992,34.96086120605469,24.087589263916016,51.1970329284668,39.72208023071289,27.87669563293457,44.366947174072266,62.092220306396484,25.30852508544922,39.134456634521484,112.67578125
2022-04-25,20.970678329467773,34.6495246887207,23.92753791809082,51.511898040771484,39.67324447631836,27.53859519958496,44.19457244873047,61.65073776245117,24.82784652709961,38.47605895996094,112.94587707519531
2022-04-26,20.582643508911133,33.88951110839844,22.97612762451172,50.42335891723633,38.63380432128906,26.83702850341797,43.44478988647461,59.90321350097656,23.72810935974121,37.8256950378418,109.90963745117188
2022-04-27,20.768224716186523,33.96275329589844,22.958343505859375,50.621273040771484,38.63380432128906,27.065244674682617,43.2207145690918,59.96759796142578,24.041275024414062,38.090660095214844,110.31944274902344
2022-04-28,21.071903228759766,34.6861572265625,23.402929306030273,51.54787826538086,39.47791290283203,27.437162399291992,43.530967712402344,61.02531051635742,24.354446411132812,38.37971115112305,112.69439697265625
2022-04-29,20.734481811523438,33.9261360168457,23.127286911010742,50.93613815307617,39.0035400390625,27.30191993713379,42.600196838378906,61.292030334472656,23.86648941040039,38.492122650146484,109.36013793945312
2022-05-02,20.67543601989746,33.843719482421875,23.082828521728516,50.918148040771484,38.82215881347656,27.158226013183594,42.83289337158203,61.494384765625,23.036222457885742,37.60087966918945,109.75129699707031
2022-05-03,20.91162872314453,34.30156326293945,23.207313537597656,51.32297134399414,39.191890716552734,27.547048568725586,42.574344635009766,61.68752670288086,23.42950439453125,38.39576721191406,110.33805847167969
2022-05-04,21.400890350341797,35.06158447265625,23.758596420288086,52.231590270996094,39.9871711730957,27.927412033081055,43.51373291015625,62.78202819824219,24.099544525146484,39.270957946777344,113.18801879882812
2022-05-05,20.624820709228516,33.944454193115234,22.940561294555664,50.801204681396484,38.52915954589844,27.082151412963867,42.315792083740234,60.59302520751953,23.058069229125977,36.910362243652344,109.0621109008789
2022-05-06,20.321142196655273,33.71552658081055,22.602678298950195,50.99911117553711,38.48032760620117,26.701784133911133,41.738365173339844,60.82296371459961,22.825014114379883,35.995025634765625,108.35426330566406
2022-05-09,19.64630126953125,32.40610122680664,22.14920425415039,49.559730529785156,37.231597900390625,25.95795249938965,40.97134017944336,58.87310028076172,22.03116226196289,34.822757720947266,104.84303283691406
2022-05-10,19.663169860839844,32.195491790771484,22.460411071777344,49.63169479370117,37.67109680175781,26.16082000732422,41.04890823364258,59.139827728271484,22.067577362060547,35.23225402832031,105.08519744873047
2022-05-11,19.604124069213867,32.22296142578125,22.442628860473633,49.09193420410156,37.064170837402344,25.95795249938965,41.32468795776367,58.49599838256836,22.33704948425293,35.328609466552734,103.69746398925781
2022-05-12,19.232961654663086,31.939090728759766,22.318143844604492,49.64069747924805,36.78512954711914,25.831165313720703,41.49705505371094,57.64983367919922,22.64293670654297,35.44904327392578,103.66023254394531
2022-05-13,19.933107376098633,32.87310028076172,22.922775268554688,50.666255950927734,37.60133743286133,26.65106964111328,42.143428802490234,60.23432159423828,23.225576400756836,36.4366340637207,106.32390594482422
2022-05-16,20.0090274810791,33.18442916870117,22.91388702392578,50.39637756347656,37.30136489868164,26.963815689086914,42.90183639526367,59.54451370239258,23.56060028076172,36.749778747558594,106.00724792480469
2022-05-17,20.34644889831543,33.73383712768555,23.52741241455078,50.76520919799805,38.075714111328125,27.50478172302246,43.86708450317383,61.10808563232422,24.150524139404297,37.319847106933594,108.15868377685547
2022-05-18,19.840316772460938,32.88225173950195,22.727161407470703,50.279422760009766,37.468788146972656,26.744047164916992,42.79841995239258,59.075443267822266,23.407657623291016,36.14759063720703,104.34941864013672
2022-05-19,20.10181999206543,33.2576789855957,23.073936462402344,50.711238861083984,37.75481033325195,26.845476150512695,43.73781204223633,60.2159309387207,23.902902603149414,36.926422119140625,104.3028564453125
2022-05-20,20.278966903686523,33.156951904296875,23.198421478271484,51.35895919799805,37.90828323364258,27.1159610748291,44.048072814941406,60.81376647949219,24.485546112060547,36.6453971862793,104.61019897460938
2022-05-23,20.54046630859375,33.73383712768555,23.731924057006836,51.8537483215332,38.31290054321289,27.648475646972656,43.97050857543945,61.742706298828125,25.374073028564453,37.6490478515625,106.40772247314453
2022-05-24,20.515161514282227,33.395042419433594,23.57187271118164,51.65583038330078,37.70597839355469,27.699193954467773,44.12563705444336,60.81376647949219,25.330373764038086,37.303794860839844,105.64401245117188
2022-05-25,20.582643508911133,33.55986022949219,23.554088592529297,51.76378631591797,38.145477294921875,27.842884063720703,44.47035598754883,60.70339584350586,25.30852508544922,36.613277435302734,106.42635345458984
2022-05-26,20.607952117919922,33.90781784057617,23.98088836669922,52.16861343383789,38.30592727661133,27.935863494873047,44.78924560546875,61.21845626831055,25.85475730895996,37.697227478027344,108.2890625
2022-05-27,21.04659652709961,34.44807434082031,24.327667236328125,52.48347854614258,39.0942268371582,28.071104049682617,45.814815521240234,62.17499542236328,26.01498031616211,38.45197677612305,110.52433013916016
2022-05-31,20.818836212158203,34.6403694152832,24.300989151000977,51.8177604675293,39.80579376220703,28.037296295166016,44.87542724609375,62.579681396484375,25.67268180847168,38.837379455566406,109.84443664550781
2022-06-01,20.886322021484375,34.56711196899414,24.016456604003906,51.844749450683594,39.45698547363281,27.648475646972656,44.513458251953125,62.18418884277344,25.56342887878418,38.203067779541016,108.97827911376953
2022-06-02,21.375581741333008,35.3271369934082,24.621091842651367,52.375526428222656,39.95926284790039,28.17253875732422,44.38418197631836,63.09474182128906,25.88389015197754,39.046138763427734,111.18560791015625
2022-06-03,21.071903228759766,34.81435012817383,24.336559295654297,51.286991119384766,39.22677230834961,27.792171478271484,44.151493072509766,61.641536712646484,25.66539764404297,38.39576721191406,109.35082244873047
2022-06-06,21.03816032409668,34.94254684448242,24.478822708129883,51.56587600708008,39.29653549194336,27.95277214050293,43.51373291015625,61.52197265625,25.395925521850586,38.28335952758789,109.74199676513672
2022-06-07,20.987546920776367,35.235557556152344,24.478822708129883,51.727806091308594,39.29653549194336,28.189437866210938,43.66886901855469,61.16326904296875,24.973508834838867,37.95416259765625,110.65473175048828
2022-06-08,20.624820709228516,34.90591812133789,24.15872573852539,51.05309295654297,39.177940368652344,27.792171478271484,43.50511932373047,60.730995178222656,24.4127140045166,38.058536529541016,109.38807678222656
2022-06-09,20.0184383392334,34.14588165283203,23.455337524414062,50.68611145019531,38.66868209838867,27.19846534729004,42.97406005859375,59.581302642822266,24.00025749206543,36.547752380371094,106.83943939208984
2022-06-10,19.4703426361084,33.4172248840332,22.7409610748291,49.768680572509766,38.278018951416016,26.570348739624023,41.4780158996582,58.063720703125,23.27597999572754,35.83418273925781,103.80514526367188
2022-06-13,18.62645721435547,32.282718658447266,21.95331573486328,48.37889862060547,37.10602951049805,25.770137786865234,40.27943420410156,55.424041748046875,22.12476348876953,34.54648208618164,99.8126449584961
2022-06-14,18.47855567932129,31.895328521728516,21.760986328125,48.05189514160156,37.62226486206055,25.37433624267578,39.807003021240234,56.06786346435547,21.957035064697266,34.34963607788086,99.31474304199219
2022-06-15,18.8526554107666,32.18125534057617,22.26470947265625,48.58781814575195,38.019901275634766,26.045480728149414,40.52439880371094,56.10465621948242,22.55170249938965,35.907997131347656,100.9587173461914
2022-06-16,18.426359176635742,31.074413299560547,21.53201675415039,47.81571960449219,36.58979797363281,25.494796752929688,39.60578155517578,54.48590087890625,21.552959442138672,34.64490509033203,97.9338150024414
2022-06-17,18.104463577270508,30.723918914794922,21.678556442260742,47.288875579833984,36.513057708740234,25.107601165771484,40.07821273803711,54.90898513793945,21.286123275756836,34.66130447387695,98.01835632324219
2022-06-21,18.539457321166992,31.57249641418457,21.89836311340332,47.779388427734375,37.15486145019531,25.770137786865234,40.57689666748047,54.78941345214844,21.26325035095215,35.538917541503906,100.056884765625
2022-06-22,18.33066177368164,31.092864990234375,21.760986328125,47.543212890625,36.33865737915039,25.486194610595703,40.20069885253906,53.170658111572266,21.14889144897461,35.03038787841797,99.72809600830078
2022-06-23,18.304561614990234,30.493328094482422,21.403797149658203,47.833885192871094,36.24796676635742,25.331314086914062,39.97322463989258,52.62800598144531,20.69145393371582,34.890960693359375,100.34811401367188
2022-06-24,18.800457000732422,31.295785903930664,21.91668128967285,48.77857971191406,36.82698440551758,26.14012908935547,41.40803146362305,54.72502899169922,20.737201690673828,36.27708435058594,103.39180755615234
2022-06-27,18.756956100463867,31.673959732055664,21.889204025268555,48.351654052734375,36.736297607421875,26.105709075927734,41.609256744384766,54.72502899169922,21.270875930786133,36.52314376831055,103.1381607055664
2022-06-28,18.722156524658203,31.62784194946289,21.66023826599121,48.27898025512695,36.12239456176758,26.036874771118164,41.21556091308594,54.320343017578125,21.087900161743164,35.44049072265625,101.39085388183594
2022-06-29,18.669954299926758,31.35112953186035,21.29389190673828,48.06097412109375,35.94799041748047,25.97664451599121,40.90935134887695,53.483375549316406,21.17938995361328,35.30925750732422,101.21236419677734
2022-06-30,18.461156845092773,31.065196990966797,21.074085235595703,47.988311767578125,35.17364501953125,25.778743743896484,40.760623931884766,53.52016067504883,20.882055282592773,34.84994888305664,100.40447235107422
2022-07-01,18.348058700561523,31.397245407104492,21.0924015045166,48.18814468383789,34.23884582519531,25.7185115814209,40.646888732910156,52.79356384277344,20.638086318969727,34.75152587890625,101.23115539550781
2022-07-05,18.1131649017334,30.622468948364258,20.240646362304688,47.879302978515625,33.95979690551758,24.96132469177246,39.9644775390625,52.425662994384766,20.15015411376953,34.39883804321289,100.79902648925781
2022-07-06,18.2436580657959,30.456436157226562,20.16737937927246,47.87022399902344,33.492393493652344,25.073183059692383,39.94698715209961,51.98418426513672,20.104408264160156,33.988746643066406,101.04325866699219
2022-07-07,18.62645721435547,31.13898468017578,20.542884826660156,48.55148696899414,34.45509719848633,25.4689884185791,39.850746154785156,53.23503875732422,20.821060180664062,35.194435119628906,102.59329986572266
2022-07-08,18.54815673828125,31.129758834838867,20.74437141418457,48.79673767089844,34.608577728271484,25.37433624267578,40.20944595336914,53.621334075927734,20.996414184570312,34.80894088745117,102.6308822631836
2022-07-11,18.052263259887695,30.687028884887695,20.158218383789062,48.133644104003906,33.77143859863281,25.081787109375,39.535789489746094,52.08535385131836,20.1653995513916,33.898529052734375,101.1466064453125
2022-07-12,18.130565643310547,30.437990188598633,20.066631317138672,48.15181350708008,33.86910629272461,25.098997116088867,39.49205017089844,52.039363861083984,19.92905616760254,33.79190444946289,100.62994384765625
2022-07-13,18.15666389465332,30.447208404541016,20.039155960083008,47.89746856689453,34.210941314697266,25.047372817993164,39.474544525146484,52.425662994384766,20.012922286987305,33.42281723022461,100.30113220214844
2022-07-14,17.97396469116211,29.561744689941406,19.65448760986328,47.42512893676758,34.29465103149414,24.53110694885254,38.844642639160156,51.469120025634766,19.502113342285156,32.249942779541016,99.56839752197266
2022-07-15,18.33066177368164,29.87534523010254,20.176536560058594,47.92472457885742,34.601600646972656,24.987138748168945,39.76325988769531,52.287696838378906,19.768953323364258,32.77486801147461,101.25933074951172
2022-07-18,18.321958541870117,30.336528778076172,20.332233428955078,48.015560150146484,34.531837463378906,25.167829513549805,39.8594970703125,52.683189392089844,19.791824340820312,33.01272201538086,100.93993377685547
2022-07-19,18.756956100463867,31.13898468017578,21.275575637817383,48.70590591430664,35.22945022583008,25.7185115814209,39.94698715209961,53.98003387451172,20.020544052124023,33.53764724731445,103.68302154541016
2022-07-20,18.748252868652344,31.25889778137207,20.991657257080078,48.91482925415039,34.99924087524414,25.460384368896484,39.78950881958008,53.58454132080078,19.814697265625,33.349002838134766,103.96485137939453
2022-07-21,18.922252655029297,31.32345962524414,21.0924015045166,49.53250503540039,35.675926208496094,25.563631057739258,39.67576599121094,54.46750259399414,19.83757209777832,34.07897186279297,105.08275604248047
2022-07-22,18.922252655029297,31.111312866210938,20.991657257080078,49.68693161010742,35.46664047241211,25.503402709960938,39.850746154785156,53.77769470214844,19.860441207885742,34.18559646606445,104.2184829711914
2022-07-25,19.157148361206055,31.535602569580078,21.074085235595703,49.67784118652344,35.55035400390625,25.864784240722656,39.98198318481445,54.062808990478516,20.645709991455078,34.15278625488281,104.5754623413086
2022-07-26,18.91355323791504,31.14821434020996,20.524564743041992,49.13283157348633,34.90855407714844,25.70990753173828,39.55328369140625,53.92485046386719,20.638086318969727,34.04616165161133,103.18513488769531
2022-07-27,19.444244384765625,31.86765480041504,21.074085235595703,50.12294006347656,35.82242202758789,26.329425811767578,39.99073028564453,55.03774642944336,21.362363815307617,34.83354949951172,105.84367370605469
2022-07-28,19.5312442779541,32.153587341308594,21.147354125976562,50.53169631958008,35.75963592529297,26.24338150024414,41.040584564208984,55.663177490234375,21.97990608215332,35.161624908447266,107.00855255126953
2022-07-29,19.783540725708008,32.56865310668945,21.59613037109375,51.0040397644043,35.78056335449219,26.596158981323242,40.94434356689453,55.69076919555664,22.12476348876953,34.81714630126953,108.56796264648438
2022-08-01,19.77484130859375,32.24582290649414,21.586971282958984,51.658050537109375,35.12480545043945,26.587554931640625,40.288185119628906,55.0561408996582,21.85792350769043,34.70231246948242,108.38947296142578
2022-08-02,19.522544860839844,32.061344146728516,21.28473472595215,50.677032470703125,34.95040512084961,26.355236053466797,39.01961135864258,54.660648345947266,21.705442428588867,33.619667053222656,107.44068145751953
2022-08-03,19.618244171142578,32.255043029785156,21.63276481628418,50.56802749633789,35.20852279663086,26.510116577148438,39.807003021240234,55.60799026489258,21.728313446044922,34.36603927612305,108.80281829833984
2022-08-04,19.60954475402832,32.22737121582031,21.880048751831055,50.54986572265625,35.25735855102539,26.510116577148438,40.09571838378906,55.856319427490234,22.345853805541992,34.571083068847656,108.971923828125
2022-08-05,19.4703426361084,32.061344146728516,21.62360382080078,50.24102020263672,35.89218521118164,26.363840103149414,39.66701889038086,55.856319427490234,22.681310653686523,34.80894088745117,108.63372039794922
2022-08-08,19.65304183959961,32.33805465698242,21.66023826599121,50.222862243652344,35.62709045410156,26.441282272338867,40.58564758300781,56.15983963012695,23.382715225219727,35.686546325683594,108.59614562988281
2022-08-09,19.496440887451172,32.11669158935547,21.46790885925293,49.723262786865234,35.66197204589844,26.475698471069336,40.49815368652344,55.90230941772461,23.420835494995117,35.538917541503906,108.05128479003906
2022-08-10,20.02713966369629,32.91914367675781,22.008270263671875,51.14937973022461,36.35261154174805,26.90591812133789,41.259300231933594,56.63811111450195,23.946887969970703,36.646175384521484,110.44679260253906
2022-08-11,20.044538497924805,33.10361862182617,21.971635818481445,51.13121032714844,36.513057708740234,26.759641647338867,41.819217681884766,56.39897537231445,23.519947052001953,36.97425079345703,110.47498321533203
2022-08-12,20.227235794067383,33.42644500732422,22.163965225219727,51.80339050292969,36.9804573059082,26.90591812133789,42.571624755859375,57.199153900146484,24.389080047607422,37.68781661987305,112.00623321533203
2022-08-15,19.99233627319336,33.06672286987305,21.861730575561523,52.01231384277344,36.86186599731445,26.682207107543945,42.352901458740234,56.61971664428711,24.41195297241211,36.834815979003906,112.12834930419922
2022-08-16,20.096736907958984,33.444889068603516,22.008270263671875,51.767059326171875,36.97348403930664,26.837081909179688,42.38789367675781,56.66569900512695,24.320465087890625,37.28591537475586,112.35381317138672
2022-08-17,19.844440460205078,33.09439468383789,21.568653106689453,51.603553771972656,36.78512954711914,26.664995193481445,42.1166877746582,55.8011360168457,24.22135353088379,36.334495544433594,111.47076416015625
2022-08-18,19.931440353393555,33.1866340637207,21.42211151123047,51.42188262939453,36.86186599731445,26.604764938354492,41.86296463012695,55.22169876098633,24.289966583251953,35.645538330078125,111.48015594482422
2022-08-19,19.6617431640625,32.77157211303711,21.05576515197754,50.53169631958008,36.4153938293457,26.286401748657227,41.5567626953125,54.19157409667969,23.763912200927734,34.39883804321289,109.98648834228516
2022-08-22,19.461645126342773,32.430294036865234,20.286439895629883,50.013938903808594,35.88520812988281,26.071290969848633,41.180564880371094,53.16146469116211,23.611434936523438,34.36603927612305,107.77886962890625
2022-08-23,19.505146026611328,32.68855285644531,20.27728271484375,50.132022857666016,35.8991584777832,26.105709075927734,41.44302749633789,53.41899108886719,24.472942352294922,34.571083068847656,107.77886962890625
2022-08-24,19.557344436645508,32.660884857177734,20.359708786010742,50.11384963989258,35.794517517089844,25.968040466308594,41.22430419921875,53.73170471191406,24.44244956970215,34.5956916809082,108.07947540283203
2022-08-25,19.89664077758789,33.0390510559082,20.606992721557617,50.68611145019531,36.36656188964844,26.191755294799805,41.67049789428711,54.83539962768555,24.55680274963379,35.77676773071289,109.48859405517578
2022-08-26,19.522544860839844,32.24582290649414,19.810190200805664,49.450748443603516,35.46664047241211,25.60665512084961,40.71687698364258,53.244239807128906,24.404327392578125,34.94017028808594,106.06914520263672
2022-08-29,19.452945709228516,32.2642707824707,19.965885162353516,48.95115661621094,35.02714157104492,25.580841064453125,40.1744499206543,52.683189392089844,24.617799758911133,34.84994888305664,105.47730255126953
2022-08-30,19.183246612548828,31.480262756347656,20.084949493408203,48.896663665771484,34.75507354736328,25.202253341674805,39.518287658691406,52.637203216552734,23.802032470703125,33.75088882446289,104.40637969970703
2022-08-31,19.061450958251953,31.074413299560547,20.002521514892578,48.67865753173828,35.04109573364258,24.875282287597656,38.713401794433594,53.262630462646484,23.268354415893555,32.676448822021484,103.59848022460938
2022-09-01,18.90485191345215,30.770038604736328,19.727764129638672,48.097312927246094,34.4969596862793,24.45366859436035,39.089603424072266,52.13134002685547,23.222612380981445,32.54521179199219,103.29786682128906
2022-09-02,18.939653396606445,31.046749114990234,19.553743362426758,47.57046127319336,33.952816009521484,24.445064544677734,39.87699508666992,51.4415283203125,23.535194396972656,32.496002197265625,102.37725067138672
2022-09-06,18.678653717041016,30.696250915527344,19.68196678161621,46.82561111450195,33.85515213012695,24.660173416137695,39.36956024169922,50.549373626708984,23.062509536743164,32.807674407958984,101.93571472167969
2022-09-07,18.669954299926758,31.05596923828125,20.18569564819336,46.75294876098633,33.799346923828125,24.634357452392578,39.798255920410156,50.8528938293457,23.27597999572754,32.873291015625,103.50453186035156
2022-09-08,18.843952178955078,31.397245407104492,19.947568893432617,47.316123962402344,33.973751068115234,24.617149353027344,40.13945770263672,50.28264617919922,23.253108978271484,32.54521179199219,104.04000091552734
2022-09-09,19.444244384765625,32.18125534057617,20.533721923828125,48.20631408691406,34.531837463378906,25.228063583374023,40.82186508178711,51.367950439453125,24.007883071899414,33.627864837646484,106.05973815917969
2022-09-12,19.65304183959961,32.63321304321289,21.1107177734375,48.22447967529297,34.67833709716797,25.641071319580078,41.77547836303711,51.80943298339844,24.518688201904297,34.38243865966797,107.29037475585938
2022-09-13,18.80915641784668,31.600168228149414,20.231489181518555,46.63486099243164,33.33194351196289,24.840866088867188,40.515655517578125,50.12628936767578,23.497074127197266,32.62723159790039,102.9033203125
2022-09-14,18.77435302734375,31.766191482543945,20.20401382446289,47.307037353515625,33.680747985839844,24.849468231201172,40.646888732910156,50.678138732910156,23.519947052001953,32.78307342529297,103.30726623535156
2022-09-15,18.62645721435547,31.34190559387207,20.02083969116211,46.93462371826172,33.40868377685547,24.582733154296875,40.41941833496094,49.62042999267578,23.123498916625977,32.37297439575195,102.25511169433594
2022-09-16,18.47855567932129,30.954513549804688,19.791872024536133,46.898284912109375,33.34589767456055,24.410646438598633,40.20944595336914,50.03431701660156,22.87190818786621,31.643001556396484,101.46601867675781
2022-09-19,18.652557373046875,31.332679748535156,19.956727981567383,47.052703857421875,33.30404281616211,24.513900756835938,40.76936721801758,49.9515380859375,23.840152740478516,31.700414657592773,102.0578384399414
2022-09-20,18.44375991821289,30.74237060546875,19.498796463012695,46.562191009521484,33.10173034667969,24.169721603393555,41.00558853149414,49.27092361450195,24.023128509521484,31.61019515991211,100.80841827392578
2022-09-21,18.069665908813477,30.216617584228516,19.17824363708496,46.02626037597656,32.662235260009766,23.92879867553711,40.96184539794922,48.77425765991211,23.81728172302246,31.323123931884766,99.19263458251953
2022-09-22,18.034862518310547,29.866119384765625,19.1416072845459,46.38960266113281,32.27157211303711,23.86857032775879,40.50690460205078,48.194820404052734,24.549182891845703,31.388744354248047,98.36595153808594
2022-09-23,17.356273651123047,28.86996841430664,18.37228012084961,45.454002380371094,31.44141387939453,22.586515426635742,39.2995719909668,46.51167678833008,23.436080932617188,30.010818481445312,96.1865234375
2022-09-26,17.217077255249023,28.34422492980957,18.10667610168457,44.71823501586914,31.127485275268555,22.18210792541504,38.328453063964844,45.54594421386719,22.330610275268555,29.57611656188965,95.02163696289062
2022-09-27,17.069175720214844,28.334999084472656,17.886873245239258,44.34580612182617,31.176319122314453,22.061649322509766,38.68716049194336,45.26081848144531,22.239118576049805,29.9862117767334,94.76799011230469
2022-09-28,17.565067291259766,29.091341018676758,18.463865280151367,45.18149185180664,30.994943618774414,22.586515426635742,39.60578155517578,45.39878463745117,22.345853805541992,30.67517852783203,96.71258544921875
2022-09-29,17.3997745513916,28.667049407958984,18.09752082824707,44.7454833984375,30.311281204223633,22.52628517150879,39.229576110839844,44.37786102294922,22.08663558959961,29.912399291992188,95.04041290283203
2022-09-30,17.069175720214844,28.37189483642578,18.079200744628906,44.3730583190918,30.06711769104004,22.552099227905273,38.69590759277344,43.559288024902344,22.589824676513672,29.559715270996094,93.89434051513672
2022-10-03,17.556371688842773,29.441835403442383,18.51881980895996,45.17241287231445,30.415922164916992,23.119985580444336,39.59703063964844,44.534217834472656,24.816020965576172,30.40450668334961,96.19589233398438
2022-10-04,18.130565643310547,30.474884033203125,19.48963737487793,46.61669158935547,31.434438705444336,23.99763298034668,40.24444580078125,46.631248474121094,24.91513442993164,31.831640243530273,99.47445678710938
2022-10-05,18.078365325927734,30.013702392578125,19.159923553466797,46.126182556152344,31.54605484008789,23.636249542236328,39.69327163696289,45.8310661315918,25.021867752075195,31.290321350097656,99.09869384765625
2022-10-06,17.79996681213379,29.31270408630371,18.738624572753906,45.708335876464844,31.364675521850586,23.0511531829834,40.03446960449219,46.18056869506836,25.052364349365234,31.085269927978516,97.87744903564453
2022-10-07,17.521570205688477,28.750064849853516,18.308170318603516,45.24508285522461,30.38104248046875,22.922086715698242,39.74576187133789,45.39878463745117,24.747406005859375,30.707975387573242,95.39740753173828
2022-10-10,17.31277084350586,28.46413230895996,18.344802856445312,45.063411712646484,29.802026748657227,22.7672061920166,39.72825622558594,44.791748046875,24.739782333374023,30.609560012817383,94.79618072509766
2022-10-11,17.069175720214844,28.076740264892578,18.09752082824707,44.60014343261719,29.376482009887695,22.328384399414062,39.824501037597656,44.71816635131836,24.137487411499023,30.3717041015625,93.98828887939453
2022-10-12,17.069175720214844,27.99372673034668,18.07004165649414,44.27313995361328,29.543903350830078,22.37140464782715,39.92948532104492,45.178043365478516,23.91639518737793,30.084638595581055,93.69707489013672
2022-10-13,17.478069305419922,28.786958694458008,18.637880325317383,44.663734436035156,29.836902618408203,23.11138153076172,40.04322052001953,45.150447845458984,24.07649803161621,30.437318801879883,96.1113510131836
2022-10-14,17.034378051757812,28.104408264160156,18.408916473388672,44.018802642822266,29.05557632446289,22.60372543334961,39.55328369140625,44.7089729309082,23.336971282958984,29.502300262451172,93.90373992919922
2022-10-17,17.373672485351562,28.860748291015625,19.077497482299805,44.463897705078125,29.67645263671875,23.22323989868164,40.463157653808594,46.11618423461914,23.83252716064453,31.1508846282959,96.31803131103516
2022-10-18,17.460670471191406,29.119009017944336,19.388893127441406,44.30947494506836,29.39740753173828,23.292076110839844,40.48066329956055,46.17137145996094,24.472942352294922,30.986845016479492,97.35137939453125
2022-10-19,17.34757423400879,28.897642135620117,19.06833839416504,44.03696823120117,28.916053771972656,23.04254722595215,40.261940002441406,45.57353591918945,24.61017417907715,30.519336700439453,96.52470397949219
2022-10-20,17.33017349243164,28.750064849853516,18.985910415649414,44.000633239746094,29.146265029907227,23.04254722595215,40.489410400390625,45.56433868408203,25.052364349365234,30.199464797973633,95.89529418945312
2022-10-21,17.747766494750977,29.478731155395508,19.407207489013672,44.772735595703125,29.44624137878418,23.39532470703125,41.495521545410156,46.300132751464844,25.9901123046875,31.16729164123535,97.96199798583984
2022-10-24,17.608572006225586,29.414167404174805,19.627016067504883,44.4820671081543,28.895122528076172,23.45555877685547,42.046695709228516,45.76667785644531,24.381454467773438,29.78936195373535,98.70413970947266
2022-10-25,17.95656394958496,29.912242889404297,20.048315048217773,45.499420166015625,28.964887619018555,23.799734115600586,42.904075622558594,46.539268493652344,23.96976089477539,30.50293731689453,100.57357025146484
2022-10-26,18.15666389465332,30.29963493347168,20.313913345336914,45.762840270996094,29.111387252807617,24.161117553710938,43.245277404785156,47.39463424682617,23.405588150024414,31.81524085998535,100.32931518554688
2022-10-27,18.060964584350586,30.428768157958984,20.112424850463867,45.190582275390625,29.12533950805664,24.12670135498047,43.0965461730957,47.36703872680664,24.11461639404297,31.74962615966797,99.8126449584961
2022-10-28,18.087066650390625,30.548673629760742,20.29559898376465,45.6720085144043,29.27881622314453,24.376230239868164,43.551483154296875,47.66136169433594,23.977386474609375,31.5773868560791,101.71965026855469
2022-10-31,18.026165008544922,30.46565818786621,19.98420524597168,45.40858840942383,29.062551498413086,24.12670135498047,44.242637634277344,47.65216827392578,24.90751075744629,31.15908432006836,100.91175842285156
2022-11-01,18.278459548950195,30.585567474365234,20.130741119384766,45.75375747680664,29.369504928588867,24.402042388916016,45.13501739501953,48.47993850708008,25.273460388183594,31.478965759277344,100.93053436279297
2022-11-02,17.947866439819336,30.022924423217773,19.68196678161621,45.454002380371094,28.957910537719727,23.97182273864746,44.373870849609375,47.58778381347656,24.526308059692383,31.24930763244629,98.61019897460938
2022-11-03,17.67816734313965,29.8292293548584,19.370573043823242,45.32683563232422,29.05557632446289,23.78252410888672,44.90754699707031,47.85450744628906,25.197223663330078,30.79820442199707,97.64260864257812
2022-11-04,18.55685806274414,30.760812759399414,20.432979583740234,46.20793533325195,30.00432777404785,24.78923797607422,46.211116790771484,49.60203552246094,25.8223876953125,33.40641784667969,99.69051361083984
2022-11-07,18.513357162475586,30.871501922607422,20.62531089782715,46.47135925292969,30.157808303833008,24.737613677978516,45.88741683959961,50.31943893432617,24.67116928100586,33.619667053222656,100.4514389038086
2022-11-08,18.696056365966797,31.185108184814453,20.927547454833984,47.14353561401367,30.646135330200195,24.918304443359375,45.764930725097656,51.43233108520508,24.90751075744629,33.923133850097656,101.17479705810547
2022-11-09,18.313262939453125,30.456436157226562,20.671104431152344,46.34418869018555,30.69496726989746,24.410646438598633,45.38873291015625,51.3587532043457,24.152734756469727,33.40641784667969,99.25839233398438
2022-11-10,19.42684555053711,31.996780395507812,22.090696334838867,48.93299102783203,32.49481201171875,25.632469177246094,46.48233413696289,53.69491958618164,22.574575424194336,35.48149871826172,104.73516845703125
2022-11-11,19.83574104309082,32.319610595703125,22.7409610748291,49.904930114746094,33.5482063293457,25.70130157470703,46.90226745605469,55.856319427490234,23.35984230041504,35.96541213989258,106.17247009277344
2022-11-14,19.592144012451172,31.886098861694336,22.57610511779785,49.223663330078125,33.3598518371582,25.563631057739258,46.876033782958984,54.78941345214844,23.489452362060547,35.506103515625,105.1109390258789
2022-11-15,19.905338287353516,32.10746383666992,22.667688369750977,49.55067443847656,34.503929138183594,25.74432373046875,46.893516540527344,55.516014099121094,23.573314666748047,35.538917541503906,106.02215576171875
2022-11-16,19.76613998413086,31.9691162109375,22.67685317993164,49.37809371948242,33.813297271728516,25.873390197753906,46.94601821899414,53.86966323852539,22.666061401367188,35.53070831298828,105.33638763427734
2022-11-17,19.731342315673828,31.86765480041504,22.759279251098633,49.287254333496094,33.86212921142578,25.916414260864258,46.648555755615234,53.051090240478516,22.4754638671875,35.70294952392578,105.06395721435547
2022-11-18,19.800941467285156,31.85843276977539,22.83254623413086,49.26908493041992,33.91096496582031,26.045480728149414,46.674800872802734,53.391395568847656,22.46784019470215,35.637332916259766,105.4585189819336
2022-11-21,19.58344268798828,31.69240379333496,22.59442138671875,48.869407653808594,33.46449279785156,25.925016403198242,46.394840240478516,51.928993225097656,22.963397979736328,35.28464889526367,104.82911682128906
2022-11-22,19.887939453125,32.328834533691406,22.79591178894043,49.91401672363281,33.95979690551758,26.320817947387695,46.981014251708984,52.296897888183594,22.46784019470215,35.76036071777344,106.32276916503906
2022-11-23,20.157636642456055,32.439517974853516,22.96076774597168,50.48628234863281,34.21791458129883,26.69941520690918,47.479698181152344,53.29942321777344,22.56694984436035,36.69538116455078,107.14006042480469
2022-11-25,20.244638442993164,32.587093353271484,23.134784698486328,50.83144760131836,34.30860137939453,26.79405975341797,47.24347686767578,53.22584533691406,22.55170249938965,36.260684967041016,107.2809829711914
2022-11-28,19.879240036010742,31.996780395507812,22.731800079345703,50.440860748291016,33.631919860839844,26.45848846435547,46.727298736572266,52.278499603271484,22.605072021484375,35.907997131347656,105.69336700439453
2022-11-29,20.070636749267578,31.895328521728516,22.814231872558594,50.132022857666016,34.224891662597656,26.656387329101562,46.19362258911133,53.676517486572266,23.32172393798828,36.21147155761719,105.59943389892578
2022-11-30,20.610029220581055,32.45796585083008,23.25384521484375,50.68611145019531,35.45268630981445,27.1296329498291,47.15599060058594,55.828731536865234,24.00025749206543,36.4575309753418,108.44584655761719
2022-12-01,20.64482879638672,32.660884857177734,23.427860260009766,51.03128433227539,35.40385818481445,27.3791561126709,47.435951232910156,55.470027923583984,23.802032470703125,34.75152587890625,108.80281829833984
2022-12-02,20.5665283203125,32.467185974121094,23.574398040771484,50.80420684814453,35.32014465332031,27.447994232177734,46.534820556640625,54.66984558105469,23.87827491760254,35.292850494384766,108.68069458007812
2022-12-05,20.166336059570312,31.756973266601562,23.25384521484375,49.74142837524414,35.13178634643555,27.23288345336914,45.30124282836914,53.400596618652344,23.062509536743164,35.292850494384766,106.74551391601562
2022-12-06,20.061939239501953,31.25889778137207,22.969928741455078,49.587005615234375,34.413246154785156,27.181257247924805,45.54621124267578,52.499244689941406,23.4284610748291,35.637332916259766,105.5054931640625
2022-12-07,20.096736907958984,31.231220245361328,23.052356719970703,49.73234176635742,34.45509719848633,27.112422943115234,45.64244842529297,52.784358978271484,23.268354415893555,36.047428131103516,105.37397003173828
2022-12-08,20.183734893798828,31.44336700439453,23.125625610351562,50.04118347167969,34.55974578857422,27.14684295654297,45.992401123046875,52.99589920043945,22.84903907775879,36.01462173461914,106.13490295410156
2022-12-09,20.157636642456055,31.221996307373047,23.134784698486328,50.19560623168945,34.52486038208008,27.112422943115234,45.07377243041992,53.3822021484375,22.8261661529541,35.36667251586914,105.59002685546875
2022-12-12,20.201133728027344,31.36958122253418,23.162260055541992,50.186519622802734,34.67833709716797,27.121030807495117,45.53746032714844,53.529354095458984,22.20100212097168,35.104209899902344,106.66096496582031
2022-12-13,20.475919723510742,31.567045211791992,23.546144485473633,50.90937423706055,34.50392532348633,27.4616756439209,45.53300476074219,54.224735260009766,21.71106719970703,35.8347282409668,107.74828338623047
2022-12-14,20.4227352142334,31.407947540283203,23.527820587158203,50.86385726928711,34.57796859741211,27.49661636352539,45.20266342163086,54.00132369995117,21.68648910522461,35.918025970458984,107.24673461914062
2022-12-15,19.76679801940918,30.67796516418457,22.77654266357422,49.62571716308594,33.78818130493164,26.998741149902344,44.28307342529297,51.66476821899414,21.59636878967285,34.16877365112305,104.50238800048828
2022-12-16,19.687023162841797,30.34105110168457,22.538333892822266,49.66213607788086,33.656551361083984,26.56201171875,44.33664321899414,52.418800354003906,21.473474502563477,34.08547592163086,103.40467071533203
2022-12-19,19.669294357299805,30.088369369506836,22.538333892822266,49.34349060058594,33.64009475708008,26.544544219970703,44.7384033203125,52.73530578613281,21.940467834472656,35.17667770385742,102.6665267944336
2022-12-20,19.545196533203125,30.359769821166992,22.584142684936523,50.04450225830078,33.40974044799805,26.666826248168945,44.93482208251953,53.47071075439453,22.776138305664062,35.08504867553711,102.92205047607422
2022-12-21,19.85543441772461,30.780914306640625,22.831514358520508,49.97167205810547,33.796409606933594,26.990005493164062,45.461570739746094,53.359004974365234,22.948184967041016,35.959678649902344,104.3415298461914
2022-12-22,19.527469635009766,30.359769821166992,22.593303680419922,49.82600021362305,33.36037826538086,26.745439529418945,45.34551239013672,52.9680290222168,23.112045288085938,35.543190002441406,103.04505920410156
2022-12-23,19.784526824951172,30.74347686767578,22.657438278198242,49.862422943115234,33.40150833129883,26.911396026611328,46.363304138183594,53.09835433959961,23.58723258972168,36.10128402709961,103.56554412841797
2022-12-27,19.864299774169922,30.91193389892578,22.73073387145996,49.63482666015625,33.417964935302734,26.928863525390625,45.90797805786133,53.66620635986328,22.800718307495117,36.50944519042969,103.31949615478516
2022-12-28,19.59838104248047,30.32233238220215,22.529170989990234,49.043060302734375,32.74335479736328,26.684297561645508,45.27408981323242,52.69806671142578,23.284095764160156,35.66813659667969,102.07981872558594
2022-12-29,19.81111717224121,30.865140914916992,22.950620651245117,49.95346450805664,33.442649841308594,26.911396026611328,45.059810638427734,53.18213653564453,23.071083068847656,36.34284973144531,103.84944152832031
2022-12-30,19.704748153686523,30.63117027282715,22.657438278198242,49.56198501586914,33.039527893066406,26.780378341674805,44.149147033691406,52.57705307006836,22.915416717529297,35.32661819458008,103.38573455810547
2023-01-03,19.474285125732422,30.45335578918457,23.042238235473633,49.7986946105957,33.204063415527344,26.87645721435547,44.94374465942383,51.599609375,21.211301803588867,36.434478759765625,103.24378967285156
2023-01-04,19.988399505615234,31.089752197265625,23.7018985748291,49.30708312988281,33.67300033569336,27.182170867919922,46.0329704284668,53.63827133178711,21.579980850219727,37.792232513427734,104.25635528564453
2023-01-05,19.704748153686523,30.790271759033203,23.555307388305664,48.64249038696289,33.42619323730469,27.05988311767578,46.631141662597656,53.0704231262207,22.325531005859375,36.775997161865234,103.03559875488281
2023-01-06,20.40500831604004,31.576406478881836,24.15083122253418,49.862422943115234,34.52861022949219,27.68004608154297,47.94356918334961,55.75141143798828,23.185781478881836,37.6506233215332,105.46764373779297
2023-01-09,20.39614486694336,31.772939682006836,24.471498489379883,49.97167205810547,35.05513381958008,27.767393112182617,48.345333099365234,56.924339294433594,23.013731002807617,38.10042953491211,105.5906753540039
2023-01-10,20.4227352142334,31.7167911529541,24.7188720703125,49.85331344604492,35.38420867919922,27.828533172607422,48.64889144897461,57.11051559448242,23.6118106842041,38.23371505737305,106.16793823242188
2023-01-11,20.706388473510742,32.0536994934082,25.021215438842773,50.2538948059082,35.359535217285156,27.950817108154297,49.720245361328125,57.259464263916016,24.152538299560547,38.591888427734375,107.32244873046875
2023-01-12,21.122995376586914,32.47484588623047,25.442665100097656,51.464717864990234,35.65570068359375,28.27400016784668,50.43449020385742,57.67836380004883,24.357358932495117,39.433197021484375,108.15519714355469
2023-01-13,21.282546997070312,32.577789306640625,25.46099090576172,51.68321990966797,35.58165740966797,28.492366790771484,50.604129791259766,58.10657501220703,24.17711639404297,39.70808029174805,108.63783264160156
2023-01-17,21.388914108276367,32.70880889892578,25.479310989379883,52.17483139038086,35.877830505371094,28.544775009155273,50.488059997558594,57.94832229614258,24.250850677490234,38.1754035949707,108.62837219238281
2023-01-18,21.149587631225586,32.34382629394531,25.37853240966797,52.101993560791016,35.71329116821289,28.483633041381836,50.041656494140625,57.08259201049805,24.062416076660156,38.075443267822266,107.37921905517578
2023-01-19,21.326868057250977,32.39997863769531,25.204452514648438,52.074684143066406,35.67215347290039,28.55350685119629,50.005943298339844,57.87385177612305,24.1853084564209,37.92551040649414,106.69786834716797
2023-01-20,21.610517501831055,32.84919357299805,25.442665100097656,52.666446685791016,36.35499572753906,28.614646911621094,50.77376174926758,58.86991500854492,23.90675163269043,38.458614349365234,108.41072082519531
2023-01-23,21.761205673217773,33.064449310302734,25.534284591674805,52.520782470703125,36.889747619628906,28.614646911621094,51.46121597290039,59.48430633544922,23.90675163269043,38.49193572998047,109.48950958251953
2023-01-24,21.82325553894043,33.064449310302734,25.497634887695312,52.875831604003906,36.996700286865234,28.35260772705078,51.80940628051758,59.30743408203125,24.349166870117188,38.566898345947266,109.38541412353516
2023-01-25,22.035991668701172,32.97085952758789,25.662548065185547,53.51311111450195,37.02138137817383,28.492366790771484,51.89868927001953,59.44707107543945,24.97182273864746,38.600215911865234,109.60308837890625
2023-01-26,22.177814483642578,33.335845947265625,25.662548065185547,53.40386199951172,37.4574089050293,28.597177505493164,52.19331741333008,60.59206771850586,25.06194496154785,38.733497619628906,110.51154327392578
2023-01-27,22.106903076171875,33.38264465332031,25.644224166870117,53.54952621459961,37.33400344848633,28.457429885864258,51.82726287841797,60.88996124267578,24.43109703063965,38.400306701660156,110.67241668701172
2023-01-30,21.88530158996582,32.94278335571289,25.515958786010742,53.230892181396484,36.90620422363281,28.405019760131836,51.443363189697266,59.54947280883789,24.291818618774414,37.57565689086914,109.42327880859375
2023-01-31,22.035991668701172,33.532379150390625,25.690038681030273,53.412967681884766,36.86507034301758,28.448692321777344,51.47013854980469,59.08401870727539,24.857126235961914,37.625633239746094,110.72921752929688
2023-02-01,22.266456604003906,33.532379150390625,26.12980842590332,53.59504699707031,37.63017654418945,28.544775009155273,52.62186050415039,60.61069107055664,24.57037353515625,38.583560943603516,111.8931884765625
2023-02-02,22.106903076171875,33.43879699707031,26.450477600097656,53.467586517333984,37.75358200073242,28.27400016784668,51.43442916870117,60.601383209228516,24.136152267456055,38.783477783203125,113.0193099975586
2023-02-03,21.743480682373047,33.24225997924805,26.038188934326172,52.85763168334961,37.070743560791016,28.142980575561523,50.85411071777344,59.01885986328125,23.447952270507812,37.60898208618164,111.82694244384766
2023-02-06,21.53960418701172,32.87727737426758,25.726680755615234,52.375118255615234,36.494850158691406,27.889673233032227,50.39877700805664,57.33393478393555,23.357833862304688,36.99257278442383,111.00363159179688
2023-02-07,21.752342224121094,33.24225997924805,25.772493362426758,53.13984680175781,36.96379470825195,28.160451889038086,50.25592803955078,58.41377639770508,23.013731002807617,37.17582702636719,112.28116607666016
2023-02-08,21.583925247192383,33.02701187133789,25.76333236694336,52.557193756103516,36.98847198486328,28.177913665771484,49.86309814453125,58.56271743774414,23.390602111816406,36.742679595947266,111.22129821777344
2023-02-09,21.521879196166992,32.830482482910156,25.772493362426758,52.611820220947266,37.136558532714844,28.378814697265625,50.077369689941406,58.38584899902344,22.784330368041992,36.467796325683594,110.54940795898438
2023-02-10,21.424373626708984,33.214195251464844,25.442665100097656,52.91224670410156,36.93911361694336,28.27400016784668,50.27378845214844,58.16242980957031,23.021923065185547,35.951351165771484,110.5588607788086
2023-02-13,21.690292358398438,33.43879699707031,25.68087387084961,52.88493347167969,37.17769241333008,28.675792694091797,50.961246490478516,58.283451080322266,23.390602111816406,36.459468841552734,111.7890853881836
2023-02-14,21.65483856201172,33.38264465332031,25.772493362426758,52.62091827392578,37.25996398925781,28.86795425415039,50.97910690307617,58.274139404296875,23.193971633911133,36.55109786987305,111.93104553222656
2023-02-15,21.22049903869629,33.289058685302734,25.809139251708984,52.101993560791016,36.52776336669922,28.64958381652832,51.28265380859375,56.58921813964844,23.374216079711914,36.05963897705078,112.0918960571289
2023-02-16,21.131858825683594,32.914703369140625,25.69919776916504,51.92902374267578,36.48662185668945,28.518571853637695,52.05046844482422,57.203609466552734,23.464338302612305,35.80973815917969,110.87116241455078
2023-02-17,20.998897552490234,32.74625015258789,25.790815353393555,51.91081237792969,36.51953125,28.658321380615234,52.264739990234375,56.68230438232422,23.50530242919922,35.5848388671875,110.60617065429688
2023-02-21,20.795024871826172,32.15665054321289,25.360204696655273,51.273529052734375,36.09996032714844,28.640853881835938,51.27373123168945,55.95621109008789,23.112045288085938,34.61858367919922,108.71353149414062
2023-02-22,20.69752311706543,32.00690841674805,25.24110221862793,50.89117431640625,36.149322509765625,28.35260772705078,51.65763473510742,55.406978607177734,23.103853225708008,34.44365692138672,108.46749114990234
2023-02-23,20.706388473510742,32.03498077392578,25.46099090576172,51.40099334716797,36.92265701293945,28.422487258911133,51.55049514770508,56.33787536621094,23.390602111816406,34.87681198120117,108.98796844482422
2023-02-24,20.316368103027344,31.913318634033203,24.773845672607422,50.636260986328125,36.0012321472168,28.16918182373047,51.077308654785156,54.55986022949219,22.686016082763672,33.91888427734375,107.54957580566406
2023-02-27,20.39614486694336,32.0817756652832,25.176965713500977,51.118770599365234,36.14109420776367,28.501100540161133,51.380863189697266,54.662261962890625,22.645051956176758,34.06881332397461,108.22145080566406
2023-02-28,20.28091049194336,31.866525650024414,25.002893447875977,50.92758560180664,35.94364547729492,28.19538688659668,51.46121597290039,54.45746612548828,22.341917037963867,34.13545608520508,107.86184692382812
2023-03-01,20.467058181762695,32.04434585571289,25.186128616333008,51.009521484375,36.3714485168457,28.370079040527344,52.76470947265625,55.500064849853516,22.522159576416016,35.20999526977539,107.71989440917969
2023-03-02,20.475919723510742,32.17536544799805,25.09450912475586,51.064144134521484,36.52776336669922,28.387548446655273,52.46115493774414,55.258033752441406,22.169864654541016,34.83515930175781,108.33500671386719
2023-03-03,20.81275177001953,32.605873107910156,25.59841537475586,52.23855972290039,36.897972106933594,28.579713821411133,53.84500503540039,56.41234588623047,22.325531005859375,35.13502883911133,110.0289306640625
2023-03-06,20.6088809967041,32.43741226196289,25.735843658447266,52.23855972290039,36.79102325439453,28.396284103393555,53.38966751098633,56.53335952758789,22.677824020385742,34.901798248291016,109.98160552978516
2023-03-07,20.156814575195312,31.726154327392578,25.25026512145996,51.774253845214844,36.52776336669922,27.837268829345703,52.229026794433594,54.950836181640625,22.399267196655273,33.868900299072266,108.2403793334961
2023-03-08,20.316368103027344,31.73550796508789,25.415176391601562,52.411529541015625,36.873294830322266,27.994491577148438,53.04147720336914,55.09977722167969,23.095659255981445,33.727298736572266,108.4958724975586
2023-03-09,20.07703971862793,31.2394962310791,25.222780227661133,52.320491790771484,36.12464141845703,27.767393112182617,52.130821228027344,53.74998092651367,22.70240020751953,33.30247497558594,106.79249572753906
2023-03-10,19.722476959228516,30.76219367980957,25.012052536010742,51.692317962646484,35.77910614013672,27.575225830078125,50.87196350097656,53.77790832519531,22.137094497680664,33.777278900146484,105.27838897705078
2023-03-13,19.59838104248047,30.640531539916992,24.691389083862305,51.200706481933594,36.07527542114258,27.400537490844727,49.586326599121094,54.9415283203125,21.79299545288086,33.66899108886719,104.9755630493164
2023-03-14,19.873167037963867,30.93065071105957,25.14031982421875,51.0550422668457,36.149322509765625,27.68004608154297,50.5327033996582,54.215431213378906,21.833959579467773,33.61901092529297,106.5748519897461
2023-03-15,19.359052658081055,30.24746322631836,24.242450714111328,50.01718521118164,35.400665283203125,26.640623092651367,48.90779495239258,53.34038543701172,21.547210693359375,32.527809143066406,105.07966613769531
2023-03-16,19.589519500732422,30.60309410095215,24.553956985473633,51.03683853149414,36.0012321472168,26.990005493164062,49.91666793823242,54.96945571899414,21.99781608581543,32.80268859863281,106.83035278320312
2023-03-17,19.474285125732422,30.284900665283203,24.2241268157959,50.71819305419922,35.84492111206055,26.579479217529297,48.738162994384766,54.29921340942383,21.61275291442871,32.64442825317383,105.57173919677734
2023-03-20,19.660429000854492,30.706043243408203,24.62725257873535,51.45561218261719,36.182228088378906,27.147232055664062,49.26491928100586,54.74604415893555,21.457090377807617,32.61111068725586,106.72625732421875
2023-03-21,19.731340408325195,30.818347930908203,25.176965713500977,51.774253845214844,36.55244445800781,27.5402889251709,50.202362060546875,55.04392623901367,21.506242752075195,32.72772216796875,108.24983978271484
2023-03-22,19.62497329711914,30.621814727783203,25.13115882873535,51.62859344482422,36.90620422363281,27.48788070678711,50.28271484375,55.37905502319336,21.38335609436035,33.48573684692383,106.84928131103516
2023-03-23,19.536334991455078,30.481430053710938,25.13115882873535,51.8561897277832,37.40804672241211,27.29572105407715,50.488059997558594,56.29133224487305,20.695154190063477,34.08547592163086,107.01962280273438
2023-03-24,19.518604278564453,30.52822494506836,24.837976455688477,52.01095962524414,37.4327278137207,27.173437118530273,50.92552947998047,55.56522750854492,21.03106117248535,34.110469818115234,107.33190155029297
2023-03-27,19.62497329711914,30.87450408935547,25.16780662536621,52.23855972290039,37.17769241333008,27.531557083129883,51.363006591796875,55.37905502319336,21.366968154907227,33.99384307861328,107.84291076660156
2023-03-28,19.81111717224121,31.061676025390625,25.19529151916504,52.33870315551758,37.04606246948242,27.5228214263916,52.086181640625,55.88173294067383,21.858537673950195,34.9850959777832,107.75775146484375
2023-03-29,19.99725914001465,31.44538116455078,25.54344367980957,52.53898620605469,37.16123962402344,27.84600067138672,52.93434524536133,55.85380935668945,22.128902435302734,34.8518180847168,109.21509552001953
2023-03-30,20.25432014465332,31.707426071166992,26.001541137695312,52.78479766845703,37.28464126586914,28.20412254333496,53.16646194458008,56.48681640625,22.669631958007812,35.568180084228516,110.00999450683594
2023-03-31,20.334096908569336,31.988183975219727,26.07483673095703,53.43117904663086,37.292869567871094,28.177913665771484,53.148616790771484,56.989505767822266,22.432037353515625,35.1683464050293,111.35377502441406
2023-04-03,20.679792404174805,32.56843185424805,26.13897132873535,53.67698287963867,37.51499557495117,28.58844566345215,52.91648864746094,56.654380798339844,22.358301162719727,35.59316635131836,111.87425994873047
2023-04-04,20.520240783691406,32.493568420410156,26.258075714111328,53.658775329589844,37.44918441772461,28.55350685119629,53.11290740966797,56.36579895019531,22.38287925720215,36.092952728271484,111.44840240478516
2023-04-05,20.467058181762695,32.297027587890625,25.992380142211914,52.85763168334961,36.98024368286133,28.623382568359375,51.845123291015625,56.430965423583984,22.292760848999023,35.41824722290039,110.96578216552734
2023-04-06,20.467058181762695,32.28767013549805,26.18478012084961,52.630027770996094,36.930885314941406,28.876689910888672,52.345088958740234,55.81657028198242,22.19444465637207,35.38492202758789,111.36324310302734
2023-04-10,20.431598663330078,32.353179931640625,26.193941116333008,52.520782470703125,36.97201919555664,28.88542366027832,52.75578308105469,57.0267333984375,22.407461166381836,34.89346694946289,111.46733856201172
2023-04-11,20.6088809967041,32.652652740478516,26.248912811279297,52.69375991821289,37.19414520263672,28.955305099487305,53.09504699707031,57.734222412109375,23.59542465209961,35.17667770385742,111.60928344726562
2023-04-12,20.72411346435547,32.7836799621582,26.404664993286133,52.86673355102539,37.029605865478516,29.20860481262207,53.22004318237305,57.86454772949219,24.07880210876465,34.92678451538086,111.5146484375
2023-04-13,20.998897552490234,33.214195251464844,26.72533416748047,53.60415267944336,37.19414520263672,29.50558090209961,53.9521369934082,59.58670425415039,24.021451950073242,36.35950469970703,113.00984954833984
2023-04-14,20.795024871826172,33.17675018310547,26.697847366333008,53.203575134277344,37.1201057434082,29.32215690612793,53.43431091308594,58.972312927246094,24.054224014282227,36.10128402709961,112.74486541748047
2023-04-17,20.786163330078125,33.23290252685547,26.55125617980957,53.358341217041016,37.070743560791016,29.26974868774414,53.85392761230469,58.48824691772461,23.93132972717285,35.67646789550781,112.90575408935547
2023-04-18,20.874799728393555,33.3171272277832,26.752819061279297,53.67698287963867,36.94733810424805,29.444440841674805,53.3093147277832,58.61857223510742,23.767473220825195,36.10128402709961,113.19910430908203
2023-04-19,20.81275177001953,33.14867401123047,26.7436580657959,53.24909973144531,36.478397369384766,29.409502029418945,53.246822357177734,58.05072784423828,22.751562118530273,35.89303970336914,113.02876281738281
2023-04-20,20.830480575561523,32.998931884765625,26.5604190826416,53.42206954956055,36.48662185668945,29.45317840576172,53.55038070678711,57.86454772949219,22.93180274963379,36.13460922241211,112.58399963378906
2023-04-21,20.6088809967041,32.96150207519531,26.807788848876953,53.72249984741211,36.15755081176758,29.51431655883789,53.52359390258789,57.30601119995117,22.694210052490234,35.8680534362793,112.82057189941406
2023-04-24,20.679792404174805,32.97085952758789,26.899410247802734,53.695194244384766,36.23159408569336,29.575458526611328,53.8985710144043,56.93364715576172,22.948184967041016,35.61815643310547,112.95306396484375
2023-04-25,20.307504653930664,32.32510757446289,26.5604190826416,53.321929931640625,35.3101692199707,29.19113540649414,53.193260192871094,55.32319641113281,22.62047576904297,35.00175094604492,111.18344116210938
2023-04-26,20.245454788208008,32.23151779174805,26.64287567138672,53.13074493408203,35.40889358520508,29.20860481262207,52.604000091552734,55.63039016723633,22.4811954498291,35.18500900268555,110.82384490966797
2023-04-27,20.493650436401367,32.61522674560547,26.835277557373047,53.99562072753906,35.91073989868164,29.47064208984375,53.39860153198242,56.34718322753906,22.93999481201172,35.734771728515625,112.78272247314453
2023-04-28,20.511377334594727,32.94278335571289,26.945219039916992,53.56773376464844,36.13286590576172,29.636600494384766,54.35390090942383,56.477508544921875,23.16119956970215,35.77642059326172,113.3599853515625
2023-05-01,20.44932746887207,32.88663101196289,26.963542938232422,53.504005432128906,35.951873779296875,29.540517807006836,54.532466888427734,56.10514831542969,22.972768783569336,35.534854888916016,113.24642181396484
2023-05-02,20.25432014465332,32.362545013427734,26.60622787475586,53.05791091918945,35.828468322753906,29.164928436279297,54.21997833251953,56.22616958618164,22.391077041625977,35.17667770385742,112.01619720458984
2023-05-03,20.1036319732666,32.23151779174805,26.752819061279297,53.376556396484375,35.86960220336914,29.199871063232422,54.246761322021484,55.928279876708984,22.60409164428711,35.32661819458008,111.53357696533203
2023-05-04,20.085901260375977,32.28767013549805,26.64287567138672,53.4766960144043,35.98478317260742,29.095056533813477,54.07713317871094,56.3751106262207,22.669631958007812,34.951778411865234,110.99417114257812
2023-05-05,20.653200149536133,33.17675018310547,27.027677536010742,54.1959114074707,36.52776336669922,29.592927932739258,54.68423843383789,57.33393478393555,23.562650680541992,35.32661819458008,112.943603515625
2023-05-08,20.662065505981445,33.26097869873047,26.963542938232422,54.07755661010742,36.42081069946289,29.575458526611328,54.71995544433594,57.296695709228516,23.480722427368164,35.351600646972656,112.99091339111328
2023-05-09,20.5379695892334,33.23290252685547,26.789464950561523,54.66020965576172,36.32209014892578,29.383296966552734,55.228851318359375,56.76608657836914,23.79205322265625,34.35203170776367,112.5272216796875
2023-05-10,20.600019454956055,33.0925178527832,26.761980056762695,54.3870964050293,36.248046875,29.348358154296875,56.14842987060547,56.84055709838867,24.046031951904297,33.96052932739258,112.80164337158203
2023-05-11,20.369550704956055,32.69944763183594,26.53293228149414,54.54186248779297,35.79555892944336,29.08631706237793,55.541324615478516,55.90966796875,24.218080520629883,32.586116790771484,112.53667449951172
2023-05-12,20.28977394104004,32.56843185424805,26.432151794433594,54.805877685546875,35.63102340698242,29.016447067260742,55.460975646972656,55.174251556396484,24.41470718383789,32.64442825317383,112.37580108642578
2023-05-15,20.520240783691406,32.98021697998047,26.55125617980957,55.13361740112305,36.0588264465332,29.295949935913086,56.362709045410156,56.0586051940918,24.701459884643555,33.44408416748047,113.04769897460938
2023-05-16,20.147951126098633,32.44676208496094,26.368019104003906,55.02436828613281,36.2069091796875,28.96403694152832,56.02344512939453,55.47214126586914,24.22627067565918,33.00260543823242,112.07298278808594
2023-05-17,20.316368103027344,32.605873107910156,26.53293228149414,55.39763259887695,37.09542465209961,29.095056533813477,55.666324615478516,56.53335952758789,24.57037353515625,32.91930389404297,113.14231872558594
2023-05-18,20.227725982666016,32.493568420410156,26.64287567138672,55.40673828125,37.38336181640625,28.911624908447266,55.49668884277344,56.970882415771484,24.52121925354004,32.29457473754883,113.87098693847656
2023-05-19,20.38728141784668,32.549720764160156,26.862760543823242,55.497772216796875,37.51499557495117,29.103788375854492,54.407466888427734,57.76214599609375,24.488445281982422,32.244590759277344,113.92777252197266
2023-05-22,20.38728141784668,32.59650802612305,26.761980056762695,55.74358367919922,37.38336181640625,29.025178909301758,53.21111297607422,58.748897552490234,24.47205924987793,32.65275573730469,114.00347137451172
2023-05-23,20.139083862304688,32.22216033935547,26.41382598876953,54.94243621826172,36.98024368286133,28.815547943115234,52.57722091674805,58.04141616821289,24.422903060913086,32.16129684448242,112.6407699584961
2023-05-24,19.749069213867188,31.64192008972168,25.983219146728516,54.359779357910156,36.78279495239258,28.317670822143555,53.3182487487793,58.04141616821289,24.26723861694336,32.02802276611328,111.58089447021484
2023-05-25,19.554059982299805,31.342435836791992,25.919084548950195,54.6693115234375,37.605491638183594,28.09930419921875,53.5682373046875,57.76214599609375,24.119768142700195,30.995126724243164,112.0540542602539
2023-05-26,19.873167037963867,31.61383819580078,26.18478012084961,54.85139465332031,38.502235412597656,28.335140228271484,54.65745162963867,58.739585876464844,24.529409408569336,31.245019912719727,113.47354125976562
2023-05-30,19.722476959228516,31.370512008666992,26.04734992980957,54.496337890625,38.51046371459961,28.073101043701172,53.782508850097656,59.05609130859375,23.857595443725586,30.661937713623047,113.10447692871094
2023-05-31,19.385644912719727,31.127185821533203,25.63506317138672,54.02293395996094,38.00861358642578,27.86347007751465,53.43431091308594,58.44169998168945,23.6118106842041,30.85352325439453,112.23385620117188
2023-06-01,19.828847885131836,31.567045211791992,26.04734992980957,55.37942886352539,38.36237716674805,28.221595764160156,53.711082458496094,59.35397720336914,24.349166870117188,31.719818115234375,113.58709716796875
2023-06-02,20.13022232055664,32.23151779174805,26.21226692199707,56.444583892822266,38.798404693603516,28.501100540161133,54.1574821472168,60.6572380065918,25.06194496154785,32.3278923034668,115.29048919677734
2023-06-05,19.988399505615234,32.0256233215332,26.038188934326172,56.244300842285156,38.67500305175781,28.326406478881836,54.68423843383789,60.62930679321289,25.193031311035156,32.586116790771484,114.9403305053711
2023-06-06,20.121360778808594,32.31574249267578,26.12064552307129,57.39140319824219,38.880672454833984,28.52730369567871,55.70203399658203,61.15991973876953,25.684600830078125,32.81935119628906,115.43243408203125
2023-06-07,19.91096305847168,32.283607482910156,26.00675392150879,55.91648864746094,38.921810150146484,28.529085159301758,55.700233459472656,60.284881591796875,25.865942001342773,33.25248718261719,114.81136322021484
2023-06-08,20.208946228027344,32.27415084838867,26.336191177368164,56.39315414428711,38.97117233276367,28.751691818237305,55.943077087402344,61.12268829345703,26.05063819885254,33.820404052734375,115.56620025634766
2023-06-09,20.190889358520508,32.23633575439453,26.129117965698242,57.03482437133789,39.16039276123047,28.635934829711914,56.59064483642578,62.07219696044922,26.5291690826416,34.362884521484375,115.69996643066406
2023-06-12,20.272157669067383,32.25524139404297,26.486791610717773,57.39231872558594,39.51415252685547,28.502368927001953,56.320823669433594,62.03496170043945,26.629913330078125,34.34593200683594,116.5981216430664
2023-06-13,20.524993896484375,32.491580963134766,26.722103118896484,58.21731185913086,40.0982666015625,28.78730583190918,56.74354934692383,62.84484100341797,26.503984451293945,34.778221130371094,117.4771728515625
2023-06-14,20.59723472595215,32.519935607910156,26.882118225097656,58.48314666748047,40.015995025634766,28.89415740966797,57.63396072387695,62.25837326049805,27.234375,35.53260803222656,117.69692993164062
2023-06-15,20.976491928100586,32.86972427368164,27.23038101196289,58.4006462097168,40.336849212646484,29.339366912841797,57.867801666259766,62.407325744628906,27.41907501220703,35.89708709716797,119.14927673339844
2023-06-16,21.066791534423828,32.831905364990234,27.21155548095703,57.84148406982422,39.85968780517578,29.357177734375,57.651947021484375,61.88602066040039,27.133634567260742,35.81232833862305,118.75752258300781
2023-06-20,21.030670166015625,32.38759231567383,26.778581619262695,57.04398727416992,39.35784149169922,28.974294662475586,56.54568099975586,60.67585372924805,27.469446182250977,34.9307975769043,117.75426483154297
2023-06-21,20.958431243896484,32.47267532348633,26.722103118896484,57.722320556640625,39.366065979003906,28.92977523803711,56.45574188232422,60.15455627441406,27.847230911254883,34.396785736083984,117.43894958496094
2023-06-22,20.51596450805664,32.321414947509766,26.68445587158203,57.24565124511719,39.32493209838867,28.760595321655273,55.77219009399414,60.17316818237305,27.519813537597656,33.96449661254883,117.41983795166016
2023-06-23,20.010292053222656,31.962188720703125,26.28912925720215,55.833988189697266,38.781951904296875,28.484561920166016,55.4573974609375,58.93507766723633,27.444255828857422,33.15077590942383,116.36881256103516
2023-06-26,20.028350830078125,32.359230041503906,26.260892868041992,55.833988189697266,38.897125244140625,28.493467330932617,55.53834533691406,59.48430633544922,27.393890380859375,33.040584564208984,116.12993621826172
2023-06-27,20.190889358520508,32.57666015625,26.54326820373535,56.04482650756836,38.979400634765625,28.65374183654785,56.4917106628418,60.108009338378906,27.108448028564453,33.532203674316406,117.33385467529297
2023-06-28,20.06446647644043,32.491580963134766,26.55267906188965,56.66815185546875,38.75727462768555,28.466754913330078,56.08698272705078,58.90714645385742,26.638309478759766,33.532203674316406,117.35295867919922
2023-06-29,20.172828674316406,32.69955825805664,26.4209041595459,56.38398742675781,38.5186882019043,28.4044246673584,56.23987579345703,58.38584899902344,27.024492263793945,33.277915954589844,117.69692993164062
2023-06-30,20.362457275390625,33.07769775390625,26.891529083251953,56.74148941040039,38.6832275390625,28.805112838745117,55.925086975097656,59.000240325927734,27.22597885131836,33.718685150146484,118.97728729248047
2023-07-03,20.47081756591797,33.27621841430664,26.759754180908203,56.91565704345703,39.135711669921875,28.68045425415039,56.74354934692383,60.31280517578125,27.561796188354492,33.81192398071289,119.24481964111328
2023-07-05,20.29924774169922,32.89807891845703,26.317367553710938,56.44815444946289,38.724365234375,28.35990333557129,56.851470947265625,59.63325119018555,27.158815383911133,33.549163818359375,118.6333236694336
2023-07-06,19.7935733795166,32.21743392944336,25.780853271484375,55.705657958984375,37.8276252746582,27.87907600402832,55.46638870239258,58.46963119506836,26.243728637695312,32.235328674316406,117.30517578125
2023-07-07,19.95610809326172,32.453773498535156,26.053815841674805,56.50315475463867,38.041526794433594,27.994831085205078,56.311832427978516,58.77682113647461,26.88177490234375,33.032108306884766,117.40074157714844
2023-07-10,19.856781005859375,32.406497955322266,26.251480102539062,56.420650482177734,38.033294677734375,28.03044891357422,56.320823669433594,58.85129928588867,26.587936401367188,33.006675720214844,117.7638168334961
2023-07-11,20.136709213256836,32.56721115112305,26.533855438232422,56.66815185546875,38.59273147583008,28.279766082763672,56.84248733520508,59.9032096862793,26.613122940063477,33.820404052734375,118.65242767333984
2023-07-12,20.61529541015625,33.03042221069336,27.173906326293945,57.062320709228516,39.547061920166016,28.885251998901367,57.15727233886719,61.53227615356445,26.88177490234375,35.43089294433594,119.94232940673828
2023-07-13,21.15709114074707,33.58818435668945,27.644533157348633,57.914817810058594,40.122947692871094,29.330461502075195,57.76887130737305,62.342159271240234,27.427467346191406,36.363285064697266,121.32779693603516
2023-07-14,21.03969955444336,33.31403350830078,27.493928909301758,57.21814727783203,40.06536102294922,29.14347267150879,57.48106002807617,62.53764343261719,27.074865341186523,35.939476013183594,121.00291442871094
2023-07-17,20.94940185546875,33.36130142211914,27.55040740966797,57.24565124511719,40.2874870300293,29.098957061767578,57.45407485961914,62.87276840209961,27.14202880859375,36.18528366088867,121.27046203613281
2023-07-18,21.030670166015625,33.63544845581055,27.61629295349121,58.03398132324219,40.27103805541992,29.205801010131836,57.7598762512207,62.68659210205078,27.041282653808594,36.43109893798828,122.2354965209961
2023-07-19,20.940372467041016,33.852882385253906,27.503341674804688,58.043148040771484,39.66223907470703,29.472929000854492,57.52602767944336,62.48179626464844,27.091655731201172,36.35481262207031,122.39794921875
2023-07-20,20.96746253967285,33.729984283447266,27.324504852294922,57.273155212402344,39.135711669921875,29.57087516784668,56.77952575683594,61.43918991088867,27.133634567260742,36.2276725769043,121.6622085571289
2023-07-21,20.895221710205078,33.84342956542969,27.390392303466797,57.208988189697266,39.053443908691406,29.633203506469727,56.572662353515625,61.46711730957031,27.721303939819336,36.0157585144043,121.72909545898438
2023-07-24,20.93134117126465,34.04195022583008,27.23979377746582,57.29148483276367,39.55529022216797,29.588685989379883,56.99538040161133,62.649356842041016,28.28378677368164,36.685386657714844,121.91062927246094
2023-07-25,21.130001068115234,33.93796157836914,27.28685760498047,57.36481857299805,39.87614059448242,29.775672912597656,57.02236557006836,63.20789337158203,28.392925262451172,37.28720474243164,122.22594451904297
2023-07-26,21.193208694458008,33.9190559387207,27.258617401123047,57.59398651123047,39.87614059448242,29.90033531188965,57.85881042480469,62.863460540771484,28.63639259338379,37.43130111694336,122.31193542480469
2023-07-27,20.994552612304688,33.60708999633789,27.33391761779785,58.06148147583008,39.49769592285156,29.419506072998047,57.85881042480469,61.73707962036133,27.771677017211914,36.93119812011719,121.55709838867188
2023-07-28,20.886192321777344,33.824520111083984,27.691593170166016,58.39148712158203,40.13117599487305,29.633203506469727,58.78519821166992,62.82622146606445,28.03192710876465,38.134830474853516,122.7228012084961
2023-07-31,21.09387969970703,34.108123779296875,27.59746551513672,58.13481521606445,39.3907470703125,29.651012420654297,58.4883918762207,62.90070343017578,28.434906005859375,37.804256439208984,122.81834411621094
2023-08-01,20.678503036499023,33.67325973510742,27.20214080810547,57.44731521606445,39.259117126464844,29.392789840698242,57.238216400146484,62.891380310058594,27.88921356201172,36.55824279785156,122.21640014648438
2023-08-02,20.172828674316406,33.00206756591797,26.656217575073242,56.365657806396484,38.15670394897461,28.831829071044922,55.72721481323242,60.95512771606445,27.6793270111084,35.185081481933594,120.29585266113281
2023-08-03,20.172828674316406,32.831905364990234,26.505619049072266,56.09065628051758,37.92634582519531,28.82292366027832,55.043670654296875,60.92719650268555,27.108448028564453,34.71041488647461,119.93276977539062
2023-08-04,20.290220260620117,32.91698455810547,26.571502685546875,56.63148880004883,38.452877044677734,28.805112838745117,56.44674301147461,60.35003662109375,26.915355682373047,35.151180267333984,119.64612579345703
2023-08-07,20.371488571166992,33.039878845214844,26.787992477416992,57.108154296875,38.83131408691406,29.081146240234375,56.66260528564453,60.18247985839844,26.88177490234375,34.981651306152344,120.66850280761719
2023-08-08,20.236038208007812,32.831905364990234,26.430315017700195,56.60398483276367,38.189605712890625,28.956483840942383,56.09597396850586,59.36328887939453,26.772634506225586,34.56631088256836,120.05699157714844
2023-08-09,20.272157669067383,32.90753173828125,26.524442672729492,56.10898971557617,38.23897171020508,29.07224464416504,56.6895866394043,59.83804702758789,26.5627498626709,34.396785736083984,119.44548034667969
2023-08-10,20.26313018798828,32.97370529174805,26.693870544433594,56.34732437133789,37.98393249511719,29.07224464416504,56.473724365234375,59.44707107543945,26.688682556152344,34.8714599609375,119.59835815429688
2023-08-11,20.0915584564209,33.04933547973633,26.458553314208984,56.255653381347656,37.67131423950195,28.938678741455078,55.808162689208984,58.75820541381836,26.503984451293945,34.49002456665039,119.31170654296875
2023-08-14,19.992231369018555,32.850807189941406,26.467967987060547,55.751487731933594,37.4574089050293,28.831829071044922,55.75420379638672,58.23690414428711,25.975080490112305,34.04077911376953,119.59835815429688
2023-08-15,19.748422622680664,32.14179992675781,26.166765213012695,55.15565490722656,37.1201057434082,28.377714157104492,55.86213684082031,57.72490692138672,25.706430435180664,33.54068374633789,118.17467498779297
2023-08-16,19.53170394897461,32.037818908691406,26.063230514526367,54.46815872192383,37.02138137817383,28.208534240722656,55.970054626464844,56.5612907409668,25.62247657775879,33.14229202270508,117.23829650878906
2023-08-17,19.360137939453125,31.88655662536621,25.88439178466797,54.238990783691406,37.15301513671875,28.110586166381836,55.358463287353516,56.61714172363281,25.454570770263672,32.888004302978516,116.42613220214844
2023-08-18,19.378196716308594,31.88655662536621,25.827919006347656,54.376495361328125,37.1201057434082,28.021541595458984,55.62828063964844,56.477508544921875,25.639266967773438,32.726959228515625,116.3974609375
2023-08-21,19.42334747314453,31.83928871154785,25.969106674194336,54.422325134277344,37.35868453979492,28.0927791595459,55.52934646606445,56.85918045043945,25.370615005493164,33.0914421081543,117.11408996582031
2023-08-22,19.324016571044922,31.650224685668945,25.922042846679688,54.68815994262695,37.04606246948242,27.977022171020508,55.79916763305664,56.57990264892578,25.933103561401367,32.9558219909668,116.77011108398438
2023-08-23,19.640064239501953,32.0,26.02557945251465,55.412330627441406,37.720672607421875,28.128395080566406,56.986392974853516,57.296695709228516,26.797821044921875,34.12554168701172,118.01224517822266
2023-08-24,19.28789710998535,31.763660430908203,25.60201644897461,54.68815994262695,37.65485763549805,27.87907600402832,56.176918029785156,57.259464263916016,26.512380599975586,33.532203674316406,116.44524383544922
2023-08-25,19.432374954223633,31.773117065429688,25.771440505981445,54.972328186035156,37.4327278137207,28.03044891357422,56.52768325805664,57.72490692138672,26.28570556640625,33.98992919921875,117.23829650878906
2023-08-28,19.60394287109375,32.0661735534668,25.99734115600586,55.6231575012207,37.69599151611328,28.333192825317383,56.84248733520508,58.19035720825195,26.6047306060791,34.422218322753906,118.1364517211914
2023-08-29,19.974172592163086,32.5955696105957,26.439727783203125,56.008155822753906,38.11556625366211,28.635934829711914,57.50803756713867,58.972312927246094,26.98251724243164,34.591739654541016,119.81810760498047
2023-08-30,20.0915584564209,32.75627899169922,26.392669677734375,55.90732192993164,38.000389099121094,28.74278450012207,57.79585266113281,58.59064483642578,26.722261428833008,34.12554168701172,120.28630828857422
2023-08-31,20.055438995361328,32.794090270996094,26.27971649169922,56.50315475463867,37.51499557495117,28.493467330932617,55.4573974609375,58.13450622558594,25.899520874023438,33.15077590942383,120.10475158691406
2023-09-01,20.0915584564209,33.020973205566406,25.987930297851562,56.86981964111328,37.646629333496094,28.546894073486328,55.27751159667969,58.84198760986328,26.39484405517578,33.39658737182617,120.30542755126953
2023-09-05,19.91096305847168,32.70901107788086,25.686729431152344,56.89732360839844,37.77003860473633,28.253053665161133,54.01834487915039,58.42308044433594,26.159778594970703,32.701534271240234,119.63658142089844
2023-09-06,19.73939323425293,32.406497955322266,25.6302547454834,57.04398727416992,37.47386169433594,28.119491577148438,53.685569763183594,57.734222412109375,25.823965072631836,32.59981155395508,118.910400390625
2023-09-07,19.640064239501953,32.1512565612793,25.49847984313965,57.04398727416992,37.128334045410156,28.119491577148438,53.11894226074219,57.473567962646484,25.32024574279785,32.226863861083984,118.5664291381836
2023-09-08,19.59491539001465,32.1512565612793,25.517305374145508,56.47565841674805,37.1447868347168,28.270862579345703,53.4067497253418,57.52011489868164,25.672847747802734,32.57438659667969,118.5950927734375
2023-09-11,19.91096305847168,32.491580963134766,25.827919006347656,57.126487731933594,37.27641296386719,28.493467330932617,54.16225051879883,58.44169998168945,26.30249786376953,33.25248718261719,119.52191925048828
2023-09-12,19.865812301635742,32.5955696105957,25.61142921447754,57.1173210144043,37.366912841796875,28.502368927001953,53.919410705566406,57.72490692138672,26.403240203857422,33.15077590942383,118.93907165527344
2023-09-13,19.7755126953125,32.70901107788086,25.48906707763672,57.089820861816406,37.58903884887695,28.502368927001953,53.89242935180664,57.743526458740234,26.69707679748535,33.057533264160156,118.97728729248047
2023-09-14,20.163799285888672,33.31403350830078,25.649080276489258,58.06148147583008,38.05797576904297,29.001007080078125,54.20722198486328,58.49755859375,27.20079803466797,32.77781677246094,120.12387084960938
2023-09-15,20.082529067993164,33.34239959716797,25.724380493164062,57.74065399169922,37.86053466796875,28.92977523803711,53.8834342956543,58.75820541381836,27.083255767822266,32.701534271240234,119.07284545898438
2023-09-18,20.01932144165039,33.24785614013672,25.536128997802734,57.878150939941406,37.81939697265625,28.78730583190918,54.081302642822266,58.87922286987305,27.083255767822266,32.48115158081055,118.97728729248047
2023-09-19,20.010292053222656,32.94534683227539,25.46082878112793,58.162315368652344,37.46563720703125,28.82292366027832,54.70188903808594,58.255523681640625,26.898563385009766,32.625240325927734,118.8052978515625
2023-09-20,19.91096305847168,32.860260009765625,25.451417922973633,57.38315200805664,37.22705078125,28.858539581298828,54.96272277832031,57.845924377441406,27.108448028564453,33.21858596801758,117.9358139038086
2023-09-21,19.278865814208984,32.1512565612793,25.112565994262695,56.493988037109375,36.478397369384766,28.53798484802246,53.93739700317383,56.31925582885742,26.193359375,32.40486145019531,115.95794677734375
2023-09-22,19.540733337402344,32.09453582763672,25.14080238342285,56.649818420410156,36.77457046508789,28.502368927001953,53.94639587402344,56.59852600097656,26.168170928955078,32.81171798706055,115.77640533447266
2023-09-25,19.522676467895508,32.23633575439453,24.886667251586914,56.57648849487305,36.930885314941406,28.35990333557129,52.91207504272461,56.430965423583984,26.02545166015625,32.52352523803711,115.98661041259766
2023-09-26,19.26983642578125,31.725849151611328,24.444278717041016,55.705657958984375,36.32209014892578,28.0927791595459,52.31846618652344,54.64364242553711,25.546918869018555,31.98104476928711,114.34317016601562
2023-09-27,19.188566207885742,31.565141677856445,24.340742111206055,55.94399642944336,36.41258239746094,28.04825782775879,52.12958908081055,54.662261962890625,25.23629379272461,31.650466918945312,114.2571792602539
2023-09-28,19.53170394897461,31.88655662536621,24.585468292236328,56.05398941040039,36.82393264770508,28.253053665161133,52.58829116821289,55.174251556396484,25.572105407714844,32.05733108520508,115.15533447265625
2023-09-29,19.42334747314453,31.631315231323242,24.6607666015625,55.26565933227539,36.65116500854492,28.17291259765625,52.372432708740234,54.8670539855957,25.748409271240234,31.88780403137207,114.82091522216797
2023-10-02,19.026029586791992,30.90339469909668,24.2277889251709,54.78899383544922,36.692298889160156,27.638662338256836,51.87775802612305,54.410919189453125,25.244688034057617,31.00627326965332,114.19029998779297
2023-10-03,18.773193359375,30.534713745117188,23.992477416992188,53.83565902709961,36.305633544921875,27.48729133605957,50.15089797973633,53.86168670654297,24.46392250061035,30.743505477905273,112.69017791748047
2023-10-04,18.872522354125977,30.449630737304688,24.18073081970215,53.24899673461914,36.3961296081543,27.4783878326416,50.52865219116211,53.75929260253906,24.52269172668457,30.641796112060547,113.3494644165039
2023-10-05,19.044090270996094,30.70487403869629,24.199554443359375,54.29399108886719,36.86507034301758,27.692089080810547,48.747825622558594,53.97339630126953,24.430341720581055,30.641796112060547,113.58834075927734
2023-10-06,19.342077255249023,30.979028701782227,24.55722999572754,54.43149948120117,37.49031448364258,28.03044891357422,49.20652389526367,54.55986022949219,24.640226364135742,31.33684539794922,114.89735412597656
2023-10-09,19.378196716308594,31.328807830810547,24.38780403137207,54.58732223510742,37.37513732910156,28.066064834594727,48.79279708862305,54.42953872680664,25.009618759155273,31.362274169921875,115.41331481933594
2023-10-10,19.62200164794922,31.584047317504883,24.773717880249023,55.30232620239258,37.69599151611328,28.493467330932617,50.5736198425293,54.50400924682617,25.69803237915039,32.726959228515625,116.3592529296875
2023-10-11,19.62200164794922,31.820383071899414,24.877254486083984,55.164825439453125,37.745357513427734,28.644838333129883,50.780479431152344,55.4442138671875,25.807170867919922,33.269439697265625,116.87521362304688
2023-10-12,19.16147804260254,31.394975662231445,24.547815322875977,55.30232620239258,37.57258605957031,28.36880874633789,49.827117919921875,54.950836181640625,25.29505729675293,32.49810028076172,115.97705841064453
2023-10-13,19.1072998046875,31.36661720275879,24.171316146850586,54.614830017089844,37.44095230102539,28.199628829956055,49.323448181152344,54.699493408203125,25.379011154174805,32.60829162597656,115.3082275390625
2023-10-16,19.405284881591797,31.763660430908203,24.416040420532227,54.78899383544922,37.63017654418945,28.493467330932617,50.24983215332031,55.006690979003906,25.832361221313477,33.19315719604492,116.42613220214844
2023-10-17,19.486557006835938,31.782573699951172,24.397216796875,54.89899444580078,37.23527908325195,28.573606491088867,49.755157470703125,54.960147857666016,25.72321891784668,33.066009521484375,116.41658020019531
2023-10-18,19.170509338378906,31.196455001831055,23.973651885986328,54.037330627441406,36.494850158691406,28.057161331176758,48.765811920166016,54.42953872680664,25.278268814086914,32.20990753173828,114.7158203125
2023-10-19,18.95379066467285,31.073558807373047,23.9642391204834,53.643165588378906,36.84038543701172,27.754417419433594,48.31611251831055,53.72205352783203,25.26987648010254,31.96409034729004,113.68388366699219
2023-10-20,18.628711700439453,30.70487403869629,23.71010398864746,53.28567123413086,36.3714485168457,27.433866500854492,47.911373138427734,52.94941329956055,25.135549545288086,31.480947494506836,112.41310119628906
2023-10-23,18.66483497619629,30.638700485229492,23.794816970825195,53.15733337402344,36.289180755615234,27.45167350769043,47.97433853149414,53.163516998291016,25.026409149169922,31.692852020263672,112.26976776123047
2023-10-24,18.890581130981445,30.43072509765625,23.8701171875,53.496498107910156,36.585350036621094,27.4605770111084,47.8574104309082,53.86168670654297,25.379011154174805,31.625043869018555,113.0341567993164
2023-10-25,18.646772384643555,30.24165153503418,23.65362548828125,53.28567123413086,36.0588264465332,27.371536254882812,48.064273834228516,52.49327087402344,25.118755340576172,31.1927490234375,111.57225799560547
2023-10-26,18.610652923583984,30.080944061279297,23.361839294433594,52.561500549316406,35.77910614013672,27.18454933166504,49.089599609375,51.357574462890625,25.597291946411133,31.39618492126465,110.43522644042969
2023-10-27,18.556472778320312,29.75952911376953,23.314777374267578,53.00149917602539,35.754425048828125,26.899614334106445,49.04462814331055,50.86420440673828,25.12715721130371,31.39618492126465,109.89060974121094
2023-10-30,18.7822208404541,30.080944061279297,23.62539291381836,53.395668029785156,36.05059814453125,27.237974166870117,49.42237854003906,52.08367919921875,24.782947540283203,31.59113883972168,111.24739837646484
2023-10-31,18.72804069519043,30.00531768798828,23.70069122314453,54.0464973449707,35.80378723144531,27.157835006713867,49.28746795654297,51.15278244018555,24.992830276489258,31.692852020263672,111.89712524414062
2023-11-01,19.071178436279297,30.31728172302246,23.8701171875,54.972328186035156,36.23159408569336,27.282495498657227,50.81645965576172,52.36294174194336,25.74001121520996,32.07427978515625,113.05327606201172
2023-11-02,19.45946502685547,31.508420944213867,24.38780403137207,55.87065887451172,37.01315689086914,27.7900333404541,53.028995513916016,54.03855895996094,26.478801727294922,33.11687088012695,115.346435546875
2023-11-03,19.694244384765625,31.95273208618164,24.613704681396484,56.833152770996094,37.63017654418945,27.89688491821289,53.54166030883789,55.546607971191406,26.781030654907227,34.354408264160156,116.50257110595703
2023-11-06,19.612972259521484,31.792024612426758,24.528989791870117,56.09981918334961,37.71244430541992,27.941408157348633,53.685569763183594,58.348609924316406,26.88177490234375,34.10011672973633,116.46434783935547
2023-11-07,19.387226104736328,31.385530471801758,24.500757217407227,55.586490631103516,37.71244430541992,27.727705001831055,53.23585891723633,57.389793395996094,27.066471099853516,33.3626823425293,116.55989837646484
2023-11-08,19.432374954223633,31.281536102294922,24.68900489807129,54.66982650756836,37.55613708496094,27.674280166625977,52.92107009887695,56.29133224487305,26.84819221496582,33.3203010559082,116.58856964111328
2023-11-09,19.324016571044922,31.36661720275879,24.698415756225586,54.89899444580078,37.44095230102539,27.709897994995117,52.06663131713867,55.732791900634766,26.70547103881836,32.701534271240234,115.91017150878906
2023-11-10,19.305957794189453,31.470603942871094,24.792543411254883,55.430660247802734,38.041526794433594,27.638662338256836,53.073970794677734,56.133079528808594,27.20079803466797,32.79476547241211,117.3720703125
2023-11-13,19.405284881591797,31.631315231323242,24.858427047729492,55.40315628051758,37.876983642578125,27.843460083007812,53.00202178955078,55.56522750854492,27.14202880859375,32.69305419921875,117.41028594970703
2023-11-14,20.037382125854492,32.33087158203125,25.75261688232422,56.50315475463867,38.82308578491211,28.333192825317383,55.25053405761719,57.61320114135742,28.02353286743164,34.56631088256836,119.87545013427734
2023-11-15,20.037382125854492,32.41595458984375,25.8938045501709,56.08148956298828,38.979400634765625,28.31538200378418,55.655269622802734,58.0321044921875,28.208229064941406,35.09184646606445,120.0665512084961
2023-11-16,19.84775161743164,32.22688674926758,26.00675392150879,56.273990631103516,39.02875900268555,28.155109405517578,55.421417236328125,58.44169998168945,28.266998291015625,34.117069244384766,120.0665512084961
2023-11-17,20.055438995361328,32.58611297607422,26.345603942871094,57.15398406982422,39.34961700439453,28.582509994506836,55.84414291381836,57.94832229614258,28.11588478088379,34.193359375,120.67805480957031
2023-11-20,20.190889358520508,32.6428337097168,26.4209041595459,57.163150787353516,39.7445068359375,28.61812400817871,56.51869583129883,59.121253967285156,28.678367614746094,34.44764709472656,121.41378021240234
2023-11-21,20.163799285888672,32.519935607910156,26.260892868041992,56.92481994628906,40.04890823364258,28.671552658081055,55.808162689208984,58.534793853759766,28.367740631103516,33.8458251953125,121.15579986572266
2023-11-22,20.0915584564209,32.53884506225586,26.307954788208008,57.282325744628906,39.670467376708984,28.5647029876709,56.00603103637695,58.56271743774414,28.34255599975586,33.506778717041016,121.56665802001953
2023-11-24,20.272157669067383,32.73737335205078,26.56209373474121,57.39231872558594,39.5964241027832,28.92977523803711,56.20389938354492,58.01348876953125,28.3509521484375,34.12554168701172,121.84373474121094
2023-11-27,20.100589752197266,32.55775451660156,26.477378845214844,57.34648513793945,39.57174301147461,28.81402015686035,55.75420379638672,58.23690414428711,28.33416175842285,34.396785736083984,121.64310455322266
2023-11-28,20.326337814331055,32.671199798583984,26.580917358398438,57.33731460571289,40.10649490356445,28.885251998901367,56.167930603027344,59.10264205932617,28.64478874206543,34.803653717041016,121.7386474609375
2023-11-29,20.227006912231445,32.76573181152344,26.8538818359375,57.282325744628906,40.29571533203125,28.82292366027832,55.826148986816406,59.000240325927734,28.367740631103516,34.3289794921875,121.75775909423828
2023-11-30,20.272157669067383,33.06824493408203,26.740928649902344,57.39231872558594,40.06536102294922,28.840728759765625,56.87845993041992,58.68373489379883,28.552440643310547,34.27811813354492,122.09217071533203
2023-12-01,20.705596923828125,33.550376892089844,27.042129516601562,57.942317962646484,40.3286247253418,29.277036666870117,57.38212203979492,58.94438552856445,28.896644592285156,34.58326721191406,123.02854919433594
2023-12-04,20.362457275390625,33.380210876464844,26.95741844177246,57.062320709228516,39.703369140625,29.036624908447266,56.59064483642578,57.76214599609375,28.25020980834961,34.117069244384766,122.3405990600586
2023-12-05,20.172828674316406,33.21004867553711,27.004478454589844,56.85148620605469,39.65401077270508,28.81402015686035,57.04035186767578,57.28738784790039,28.325767517089844,33.65087127685547,122.14949798583984
2023-12-06,20.353431701660156,33.03042221069336,27.07036781311035,57.44731521606445,39.5799674987793,28.77840232849121,57.373138427734375,56.91503143310547,28.241811752319336,33.65934753417969,121.86286163330078
2023-12-07,20.534027099609375,33.01152038574219,27.192729949951172,57.887325286865234,40.015995025634766,28.938678741455078,57.14828109741211,57.529422760009766,28.208229064941406,33.786495208740234,122.7419204711914
2023-12-08,20.606264114379883,33.14387512207031,27.296266555786133,57.54814910888672,39.94195556640625,29.00991439819336,57.499046325683594,57.86454772949219,28.41811180114746,33.244014739990234,123.18142700195312
2023-12-11,20.59723472595215,33.21004867553711,27.33391761779785,57.878150939941406,40.18876266479492,28.99210548400879,57.50803756713867,58.37653350830078,28.34255599975586,33.345726013183594,123.64961242675781
2023-12-12,20.65141487121582,33.01152038574219,27.390392303466797,57.795650482177734,40.139404296875,29.02771759033203,58.02070999145508,58.69304275512695,28.057113647460938,33.08296203613281,123.97447967529297
2023-12-13,21.328659057617188,33.83397674560547,27.75748062133789,58.6756477355957,40.69060516357422,29.366079330444336,58.803184509277344,59.4005241394043,29.081344604492188,33.94754409790039,125.80900573730469
2023-12-14,21.662765502929688,34.29719924926758,27.842193603515625,58.40981674194336,41.26649856567383,29.846906661987305,60.997737884521484,60.18247985839844,29.433944702148438,35.64280319213867,126.46829986572266
2023-12-15,21.518287658691406,33.9852294921875,27.55040740966797,57.90564727783203,40.72351837158203,29.268131256103516,60.8988037109375,59.521541595458984,29.03936767578125,35.456329345703125,126.07656860351562
2023-12-18,21.671794891357422,34.12703323364258,27.522167205810547,57.795650482177734,40.674156188964844,29.455121994018555,61.71726608276367,59.754268646240234,29.54308319091797,34.396785736083984,126.6594009399414
2023-12-19,22.1413516998291,34.60915756225586,27.842193603515625,57.96982192993164,40.78933334350586,29.775672912597656,61.89714813232422,60.42451858520508,29.937664031982422,35.19356155395508,127.53845977783203
2023-12-20,21.83547019958496,34.164615631103516,27.46755027770996,57.67702102661133,40.21249008178711,29.554357528686523,60.7713737487793,60.2917366027832,29.36479949951172,34.795406341552734,125.84199523925781
2023-12-21,22.277706146240234,34.643653869628906,27.806425094604492,58.680908203125,41.02729797363281,29.882232666015625,61.94919204711914,61.24693298339844,29.842914581298828,35.44755554199219,127.31591796875
2023-12-22,22.332984924316406,34.90232467651367,27.78759765625,58.8668098449707,41.17544174194336,29.98241424560547,61.91265869140625,61.10365676879883,30.095003128051758,34.96702575683594,127.57601928710938
2023-12-26,22.51725196838379,35.28555679321289,27.947622299194336,58.84822082519531,42.045799255371094,30.137248992919922,62.36918258666992,61.39020538330078,30.555736541748047,35.15580368041992,128.10586547851562
2023-12-27,22.627811431884766,35.323875427246094,28.107643127441406,59.173553466796875,42.46246337890625,30.25564956665039,62.50613021850586,61.944217681884766,30.660049438476562,36.01388931274414,128.47195434570312
2023-12-28,22.563318252563477,35.16100311279297,27.91938018798828,59.52677536010742,42.61986541748047,30.100814819335938,62.04961395263672,63.023597717285156,30.520959854125977,35.13005828857422,128.39486694335938
2023-12-29,22.425119400024414,35.14183807373047,27.947622299194336,59.61972427368164,42.61986541748047,30.100814819335938,61.94919204711914,62.59375,30.390567779541016,35.859432220458984,128.14439392089844
2024-01-02,22.25006675720215,34.77777862548828,27.618160247802734,59.080604553222656,41.63840103149414,29.818477630615234,61.355712890625,61.839149475097656,29.877683639526367,35.035675048828125,127.0750961303711
2024-01-03,22.01973533630371,34.662811279296875,27.222806930541992,58.75526809692383,41.018035888671875,29.818477630615234,59.958778381347656,60.51143264770508,29.929840087890625,34.1260986328125,126.05393981933594
2024-01-04,21.946029663085938,34.720298767089844,27.326353073120117,58.615840911865234,41.03655242919922,29.90955352783203,59.65747833251953,59.909664154052734,29.616893768310547,33.928741455078125,125.90941619873047
2024-01-05,21.927602767944336,34.84484100341797,27.326353073120117,59.05271530151367,41.10136413574219,29.891340255737305,61.063541412353516,60.062496185302734,29.955917358398438,34.040287017822266,126.0635757446289
2024-01-08,22.084228515625,35.11310577392578,27.684051513671875,59.91717529296875,41.74024963378906,30.164569854736328,61.16398239135742,60.37770462036133,30.016769409179688,34.20332717895508,127.73017120361328
2024-01-09,21.85389518737793,34.825679779052734,27.44872283935547,59.554656982421875,40.86988830566406,29.873123168945312,59.5661735534668,59.01177978515625,29.5908203125,33.76570510864258,127.2195816040039
2024-01-10,21.81704330444336,34.90232467651367,27.580507278442383,60.62361145019531,40.675445556640625,29.891340255737305,59.830955505371094,58.667911529541016,29.547353744506836,33.49970245361328,127.96135711669922
2024-01-11,21.798614501953125,34.73945236206055,27.476964950561523,61.16273880004883,40.740257263183594,29.736513137817383,60.2874641418457,58.77298355102539,29.695131301879883,33.739967346191406,127.95172882080078
2024-01-12,21.844682693481445,34.787357330322266,27.50520133972168,61.74834060668945,40.83285140991211,29.83669090270996,60.57963943481445,58.610599517822266,29.851604461669922,33.97164535522461,128.0576934814453
2024-01-16,21.282672882080078,34.46162033081055,26.98748016357422,61.29287338256836,39.72175598144531,29.19005012512207,58.81748580932617,56.346797943115234,29.069236755371094,32.6072883605957,127.1714096069336
2024-01-17,21.05234146118164,34.011322021484375,26.818042755126953,60.530662536621094,39.21249771118164,28.925928115844727,58.09619140625,54.88534927368164,28.895381927490234,32.0237922668457,126.34292602539062
2024-01-18,21.245819091796875,34.1741943359375,27.043956756591797,61.09767532348633,39.934715270996094,29.098974227905273,58.37922668457031,55.907405853271484,28.60851287841797,32.49573516845703,127.40261840820312
2024-01-19,21.44851303100586,34.57658386230469,27.194568634033203,61.25568771362305,40.91618347167969,29.108081817626953,59.45661163330078,56.60469436645508,28.651973724365234,32.70167541503906,128.7320556640625
2024-01-22,21.44851303100586,34.4903564453125,27.222806930541992,61.980712890625,40.999515533447266,29.153615951538086,58.47053527832031,55.907405853271484,28.11301612854004,32.06669616699219,129.0306854248047
2024-01-23,21.632776260375977,34.672386169433594,27.15691566467285,61.43229675292969,41.25877380371094,29.144512176513672,58.835750579833984,56.279930114746094,28.63458824157715,32.916194915771484,129.19444274902344
2024-01-24,21.65120506286621,34.57658386230469,27.636987686157227,61.506656646728516,41.6291389465332,29.23558807373047,58.82661819458008,56.470970153808594,28.625900268554688,33.3709831237793,129.49307250976562
2024-01-25,21.78019142150879,34.83526611328125,27.58991813659668,61.2742805480957,41.64765548706055,29.390419006347656,59.79443359375,56.260826110839844,28.851917266845703,33.43104934692383,130.003662109375
2024-01-26,21.826257705688477,34.94064712524414,27.665225982666016,60.78163146972656,41.666175842285156,29.72740364074707,60.61616134643555,56.83394241333008,29.00838851928711,34.0059700012207,130.11924743652344
2024-01-29,21.982881546020508,35.16100311279297,27.731117248535156,61.506656646728516,42.03654479980469,29.78205108642578,60.60702896118164,57.46437072753906,28.799760818481445,33.74854278564453,131.1211395263672
2024-01-30,21.927602767944336,35.26639175415039,27.693464279174805,61.283573150634766,41.80506134033203,29.84579849243164,61.200504302978516,57.22557067871094,28.565046310424805,33.722801208496094,131.00555419921875
2024-01-31,21.761764526367188,34.825679779052734,27.36400604248047,61.54383850097656,41.342105865478516,29.536142349243164,60.86268615722656,56.8052864074707,28.617202758789062,33.65415573120117,129.28114318847656
2024-02-01,21.87232208251953,35.0651969909668,27.76877212524414,62.20380783081055,41.6291389465332,29.85490608215332,61.757450103759766,58.553287506103516,28.938846588134766,34.271968841552734,130.77432250976562
2024-02-02,21.743337631225586,34.8640022277832,27.51461410522461,61.82270431518555,41.44395446777344,29.563461303710938,62.0313606262207,59.80459213256836,28.39988136291504,33.47394943237305,131.44866943359375
2024-02-05,21.522216796875,34.317909240722656,27.36400604248047,61.52525329589844,41.518028259277344,29.30845069885254,61.72092819213867,59.346099853515625,28.40857696533203,33.0792350769043,130.86102294921875
2024-02-06,21.77097511291504,34.59574890136719,27.561681747436523,61.515960693359375,42.305057525634766,29.736513137817383,62.92612838745117,59.393856048583984,29.17355728149414,33.97164535522461,131.37159729003906
2024-02-07,21.6972713470459,34.691551208496094,27.48637580871582,61.86916732788086,42.601348876953125,29.554357528686523,62.82569885253906,60.4445686340332,29.025772094726562,33.55976486206055,132.1230010986328
2024-02-08,21.669631958007812,34.68197250366211,27.542856216430664,61.711151123046875,43.08282470703125,29.435958862304688,61.65701675415039,60.4445686340332,28.434654235839844,32.99342346191406,132.20010375976562
2024-02-09,21.789403915405273,34.81610107421875,27.552268981933594,61.934242248535156,43.2309684753418,29.372203826904297,61.55657958984375,60.81709289550781,28.625900268554688,32.907615661621094,132.84552001953125
2024-02-12,21.77097511291504,34.92148971557617,27.618160247802734,62.250282287597656,43.38837814331055,29.3266658782959,61.66615676879883,61.5621452331543,28.877994537353516,33.122135162353516,132.94186401367188
2024-02-13,21.1721134185791,33.81013107299805,27.1192626953125,62.0364875793457,42.212467193603516,28.853069305419922,60.76224899291992,59.900108337402344,28.052162170410156,32.17824172973633,130.94772338867188
2024-02-14,21.531431198120117,34.41371154785156,27.44872283935547,62.27816390991211,42.879127502441406,29.171833038330078,61.46528625488281,61.00813293457031,28.295564651489258,32.51289367675781,132.34457397460938
2024-02-15,21.881534576416016,35.16100311279297,27.74994468688965,62.87306213378906,42.943939208984375,29.481496810913086,61.702667236328125,60.93171691894531,28.512889862060547,32.75315856933594,133.47169494628906
2024-02-16,21.86311149597168,35.14183807373047,27.778182983398438,62.86376190185547,42.67542266845703,29.76383399963379,61.447017669677734,61.31379699707031,28.782373428344727,33.173622131347656,132.98040771484375
2024-02-20,21.881534576416016,35.007713317871094,27.844074249267578,63.14262008666992,42.990234375,29.927770614624023,61.45615005493164,61.41886901855469,29.286563873291016,32.83897018432617,132.56614685058594
2024-02-21,21.77097511291504,34.95981216430664,27.96644401550293,63.01249694824219,42.58283233642578,29.736513137817383,61.282676696777344,61.41886901855469,29.286563873291016,32.83897018432617,132.65284729003906
2024-02-22,21.982881546020508,35.295135498046875,28.427692413330078,64.04426574707031,43.22171401977539,29.955095291137695,61.355712890625,62.211673736572266,29.112707138061523,32.8990364074707,135.04196166992188
2024-02-23,22.028947830200195,35.4388427734375,28.446516036987305,64.14651489257812,42.971717834472656,30.06438446044922,60.74398422241211,62.240333557128906,28.791065216064453,32.684513092041016,135.18646240234375
2024-02-26,21.955242156982422,35.304718017578125,28.531234741210938,64.13722229003906,42.96245574951172,29.97330665588379,60.41529083251953,61.323341369628906,28.938846588134766,32.37560272216797,134.66624450683594
2024-02-27,22.10265350341797,35.218482971191406,28.757150650024414,64.30452728271484,42.72172164916992,29.99152374267578,60.36964416503906,60.76933288574219,29.625591278076172,32.36702346801758,135.0130615234375
2024-02-28,21.844682693481445,35.007713317871094,28.700672149658203,63.830474853515625,42.46246337890625,29.672758102416992,59.246612548828125,61.27558898925781,28.99100112915039,31.663393020629883,134.5891876220703
2024-02-29,22.038162231445312,35.22806930541992,28.841867446899414,64.24876403808594,42.89764404296875,29.827585220336914,59.5661735534668,61.23738098144531,28.6954402923584,31.87791633605957,135.13829040527344
2024-03-01,22.286922454833984,35.55380630493164,28.97365379333496,65.37348937988281,43.38837814331055,29.98241424560547,59.93138885498047,62.02063751220703,28.86060905456543,32.65019226074219,136.3520965576172
2024-03-04,22.130294799804688,35.467586517333984,28.926584243774414,64.99237823486328,43.777259826660156,29.891340255737305,59.92225646972656,62.66061782836914,28.678054809570312,32.59012222290039,136.18832397460938
2024-03-05,22.065799713134766,35.42926025390625,28.823043823242188,65.3456039428711,43.490230560302734,29.882232666015625,60.150508880615234,61.42841720581055,28.556354522705078,32.384185791015625,135.12867736816406
2024-03-06,22.4527587890625,35.70710754394531,29.00189208984375,66.34019470214844,44.49947738647461,30.109926223754883,59.977046966552734,62.163917541503906,28.817148208618164,33.48253631591797,136.1401824951172
2024-03-07,22.812076568603516,36.205291748046875,29.41607093811035,66.31230163574219,45.166133880615234,30.428688049316406,59.885738372802734,62.928070068359375,28.773677825927734,33.58550262451172,137.60446166992188
2024-03-08,22.821290969848633,36.03284454345703,29.190155029296875,66.16358184814453,44.869842529296875,30.355831146240234,59.885738372802734,63.300594329833984,28.104324340820312,33.41389083862305,136.872314453125
2024-03-11,22.48961067199707,36.13823318481445,29.208982467651367,64.69493103027344,44.758731842041016,30.41047477722168,60.11398696899414,63.262393951416016,27.921768188476562,33.61124801635742,136.4773406982422
2024-03-12,22.48961067199707,36.234039306640625,29.576093673706055,65.04815673828125,45.47168731689453,30.63817024230957,59.830955505371094,64.20802307128906,28.295564651489258,33.456790924072266,137.91275024414062
2024-03-13,22.65545082092285,36.55020523071289,29.566680908203125,64.48114776611328,45.11983871459961,30.747459411621094,61.328330993652344,64.08385467529297,28.40857696533203,34.02313232421875,137.78750610351562
2024-03-14,22.222427368164062,36.186134338378906,29.321937561035156,64.19298553466797,44.897621154785156,30.510662078857422,61.41962814331055,64.04564666748047,28.16517448425293,33.25943374633789,137.1805877685547
2024-03-15,22.139509201049805,36.14781188964844,29.34076499938965,64.66704559326172,44.74021530151367,30.43779754638672,61.1274528503418,62.651058197021484,27.895689010620117,32.881874084472656,136.54478454589844
2024-03-18,22.18557357788086,36.13823318481445,29.171329498291016,65.67092895507812,44.795772552490234,30.355831146240234,61.1274528503418,62.81344985961914,27.808759689331055,32.21257019042969,136.95901489257812
2024-03-19,22.222427368164062,36.13823318481445,29.246633529663086,65.9218978881836,44.69391632080078,30.401369094848633,60.314857482910156,62.35495376586914,27.886999130249023,32.246891021728516,137.63336181640625
2024-03-20,22.498825073242188,36.655582427978516,29.604331970214844,66.43314361572266,44.869842529296875,30.720134735107422,62.003971099853516,63.83550262451172,28.530277252197266,33.29375457763672,138.9242706298828
2024-03-21,22.498825073242188,36.59810256958008,29.47254753112793,66.76776885986328,45.09206008911133,30.856752395629883,61.748313903808594,64.50413513183594,28.295564651489258,33.2251091003418,139.3673858642578
2024-03-22,22.35141372680664,36.224456787109375,29.453723907470703,66.75846862792969,45.073543548583984,30.874971389770508,61.61136245727539,64.04564666748047,27.930463790893555,32.80464553833008,139.1072540283203
2024-03-25,22.443546295166016,36.214874267578125,29.594919204711914,65.98696899414062,45.24946594238281,30.856752395629883,61.71179962158203,64.49458312988281,28.034778594970703,32.89046096801758,138.72193908691406
2024-03-26,22.369840621948242,36.13823318481445,29.726703643798828,66.2751235961914,44.869842529296875,30.884078979492188,62.50613021850586,64.37996673583984,28.043468475341797,32.96767807006836,138.53890991210938
2024-03-27,22.719942092895508,36.47355651855469,29.999685287475586,66.56327819824219,44.990211486816406,31.04801368713379,63.07221221923828,64.2844467163086,28.260791778564453,33.46537399291992,139.5985870361328
2024-03-28,22.719942092895508,36.67474365234375,29.88672637939453,66.32159423828125,45.073543548583984,31.157306671142578,63.28221130371094,64.10295867919922,28.18255615234375,33.61124801635742,139.5985870361328
2024-04-01,22.646238327026367,36.61726379394531,29.867900848388672,65.32701110839844,45.20317077636719,31.057119369506836,62.92612838745117,63.61580276489258,27.6696720123291,33.49111557006836,139.20361328125
2024-04-02,22.590959548950195,36.4448127746582,29.51020050048828,64.99237823486328,45.34205627441406,30.9842586517334,63.163509368896484,63.68267059326172,27.826143264770508,33.842926025390625,138.24026489257812
2024-04-03,22.63702392578125,36.59810256958008,29.79259490966797,65.43855285644531,45.379093170166016,31.12998390197754,63.01742935180664,63.520286560058594,27.895689010620117,33.99738693237305,138.65451049804688
2024-04-04,22.508039474487305,36.43523025512695,29.529027938842773,64.7599868774414,44.990211486816406,30.993364334106445,63.27309036254883,63.147762298583984,27.895689010620117,34.04887008666992,137.08424377441406
2024-04-05,22.627811431884766,36.684329986572266,29.51020050048828,64.94591522216797,45.01798629760742,31.111766815185547,64.20437622070312,63.13821029663086,27.65228843688965,34.54655838012695,138.2980499267578
2024-04-08,22.756797790527344,36.73222732543945,29.726703643798828,65.27123260498047,45.34205627441406,31.221057891845703,64.43263244628906,63.27193832397461,28.269487380981445,34.66669464111328,138.4522247314453
2024-04-09,22.894996643066406,36.90468978881836,29.519615173339844,65.51290893554688,46.11056900024414,31.275705337524414,63.73872375488281,62.91851806640625,28.678054809570312,35.327423095703125,138.55819702148438
2024-04-10,22.379053115844727,36.368167877197266,29.152502059936523,64.49043273925781,45.610572814941406,31.04801368713379,62.48788070678711,60.51143264770508,27.886999130249023,34.4435920715332,137.02645874023438
2024-04-11,22.43433380126953,36.17655563354492,29.03954315185547,65.05744171142578,45.66613006591797,31.04801368713379,62.697872161865234,62.01108169555664,27.660980224609375,34.92412185668945,137.9705352783203
2024-04-12,22.01973533630371,35.592132568359375,28.474756240844727,64.19298553466797,44.78650665283203,30.71103286743164,61.55657958984375,59.80459213256836,27.1828670501709,33.980224609375,135.822265625
2024-04-15,21.86311149597168,35.333457946777344,28.484169006347656,63.92342758178711,44.129112243652344,30.619949340820312,60.75311279296875,59.470272064208984,26.782991409301758,33.43962860107422,134.43505859375
2024-04-16,21.411659240722656,35.08435821533203,28.23942756652832,63.03107833862305,43.12912368774414,30.246538162231445,59.22835922241211,58.543739318847656,26.148406982421875,32.89046096801758,133.88595581054688
2024-04-17,21.65120506286621,35.22806930541992,28.38062286376953,62.36182403564453,43.3698616027832,30.428688049316406,59.27400588989258,58.1521110534668,26.226642608642578,32.873294830322266,133.4427947998047
2024-04-18,21.466938018798828,35.304718017578125,28.277080535888672,62.1759147644043,43.2309684753418,30.355831146240234,59.27400588989258,59.0308837890625,26.17448616027832,32.83038330078125,133.04782104492188
2024-04-19,21.522216796875,35.55380630493164,28.24884033203125,61.80410385131836,42.32357406616211,30.501556396484375,59.246612548828125,58.57239532470703,26.722143173217773,32.950523376464844,132.2771759033203
2024-04-22,21.789403915405273,35.7933235168457,28.597126007080078,62.43618392944336,42.45320510864258,30.8931827545166,59.894866943359375,59.87145233154297,26.956851959228516,32.881874084472656,133.43316650390625
2024-04-23,21.982881546020508,36.119075775146484,29.114849090576172,62.575618743896484,42.879127502441406,31.211950302124023,60.707462310791016,60.167564392089844,27.08724594116211,33.32807922363281,134.92636108398438
2024-04-24,21.85389518737793,35.7933235168457,28.98306655883789,62.845184326171875,43.08282470703125,31.175518035888672,60.05008316040039,60.3299446105957,26.93946647644043,33.268009185791016,134.8203887939453
2024-04-25,21.72490882873535,35.92745590209961,28.888935089111328,61.86916732788086,43.09208679199219,31.476076126098633,60.07747268676758,60.08159637451172,26.782991409301758,33.48253631591797,134.33872985839844
2024-04-26,21.85389518737793,36.05200958251953,29.143089294433594,62.39900207519531,43.610595703125,31.721982955932617,61.036155700683594,60.50188446044922,27.417579650878906,34.357784271240234,135.6392364501953
2024-04-29,22.047374725341797,36.099910736083984,29.161914825439453,62.96601486206055,44.36058807373047,31.858591079711914,61.401363372802734,61.15140914916992,27.600130081176758,35.25877380371094,136.05348205566406
2024-04-30,21.503793716430664,35.37177658081055,28.67243003845215,62.529136657714844,43.6661491394043,31.60358428955078,59.78530502319336,60.224876403808594,26.97423553466797,34.426429748535156,134.06898498535156
2024-05-01,21.549856185913086,35.39094161987305,28.60654067993164,62.38041305541992,43.43467330932617,31.50339698791504,60.196163177490234,60.263084411621094,27.07855224609375,34.76108169555664,133.51988220214844
2024-05-02,21.946029663085938,35.774166107177734,28.907758712768555,63.64457321166992,44.3513298034668,31.922348022460938,60.38790512084961,61.57169723510742,27.626209259033203,35.327423095703125,134.94561767578125
2024-05-03,22.259279251098633,35.9945182800293,29.133676528930664,64.37889862060547,45.04576873779297,32.186466217041016,60.990509033203125,62.259437561035156,28.086936950683594,35.670654296875,136.58331298828125
2024-05-06,22.498825073242188,36.521453857421875,29.44430923461914,64.7599868774414,45.36057662963867,32.386844635009766,61.538330078125,62.803897857666016,28.104324340820312,35.825111389160156,137.92237854003906
2024-05-07,22.692304611206055,36.41606903076172,29.736116409301758,64.05355072021484,44.962432861328125,32.487022399902344,61.15486145019531,62.74658966064453,28.269487380981445,35.58484649658203,138.06686401367188
2024-05-08,22.57253074645996,36.31068801879883,29.8020076751709,63.244873046875,45.24020767211914,32.568992614746094,61.22788619995117,62.88031005859375,28.16517448425293,35.559104919433594,138.05723571777344
2024-05-09,22.563318252563477,36.67474365234375,30.17853546142578,63.52372360229492,45.29576110839844,32.84222412109375,62.62482833862305,62.183021545410156,27.68705940246582,36.07395553588867,138.8568115234375
2024-05-10,22.55410385131836,36.58852005004883,30.291492462158203,63.16120910644531,45.795753479003906,32.9241943359375,62.515262603759766,61.972877502441406,27.478429794311523,36.49441909790039,139.08802795410156
2024-05-13,22.590959548950195,36.511878967285156,30.282075881958008,62.91024398803711,45.88834762573242,32.94240951538086,62.3783073425293,62.11615753173828,27.626209259033203,36.85480880737305,139.00131225585938
2024-05-14,22.719942092895508,36.540618896484375,30.460927963256836,63.402889251708984,46.675376892089844,33.17009353637695,61.766578674316406,62.6319580078125,27.7913761138916,36.90629959106445,139.82015991210938
2024-05-15,23.051624298095703,36.69390869140625,30.818628311157227,64.10932159423828,47.50870132446289,33.4160041809082,62.65222930908203,63.92146682739258,27.495813369750977,37.57560729980469,141.4193115234375
2024-05-16,23.152965545654297,36.69390869140625,30.451515197753906,63.45866394042969,47.06426239013672,33.38868713378906,62.716129302978516,63.3961181640625,27.556665420532227,37.49837875366211,141.072509765625
2024-05-17,23.25431251525879,36.971744537353516,30.517406463623047,63.886253356933594,47.203147888183594,33.461544036865234,62.96265411376953,62.52688980102539,27.600130081176758,37.661415100097656,141.3518829345703
2024-05-20,23.116117477416992,37.00048828125,30.479755401611328,64.34172058105469,47.06426239013672,33.35225296020508,62.87134552001953,62.316741943359375,27.521892547607422,37.875938415527344,141.40005493164062
2024-05-21,23.143756866455078,36.90468978881836,30.442102432250977,63.96990966796875,46.77722930908203,33.47064971923828,61.766578674316406,61.944217681884766,27.330646514892578,38.090457916259766,141.63125610351562
2024-05-22,22.70151710510254,36.578941345214844,30.197362899780273,63.22627258300781,47.24944305419922,33.21563720703125,61.547462463378906,61.64811325073242,26.83515167236328,37.258113861083984,140.947265625
2024-05-23,22.57253074645996,36.243621826171875,30.05616569519043,62.94742965698242,47.25870132446289,32.87865447998047,60.698341369628906,61.01768493652344,26.635210037231445,36.46867370605469,139.9742889404297
2024-05-24,22.766008377075195,36.6268424987793,30.385622024536133,63.63526916503906,47.86054611206055,33.09723663330078,60.18703842163086,61.22782516479492,26.452661514282227,36.79475021362305,140.947265625
2024-05-28,22.68309211730957,36.540618896484375,30.34797477722168,63.9977912902832,48.425357818603516,32.88776397705078,59.63008499145508,61.8296012878418,26.42658042907715,36.726097106933594,140.97616577148438
